-- phpMyAdmin SQL Dump
-- version 5.2.1
-- https://www.phpmyadmin.net/
--
-- 主機： 127.0.0.1
-- 產生時間： 2024 年 11 月 02 日 14:12
-- 伺服器版本： 8.3.0
-- PHP 版本： 8.1.17

SET SQL_MODE = "NO_AUTO_VALUE_ON_ZERO";
START TRANSACTION;
SET time_zone = "+00:00";


/*!40101 SET @OLD_CHARACTER_SET_CLIENT=@@CHARACTER_SET_CLIENT */;
/*!40101 SET @OLD_CHARACTER_SET_RESULTS=@@CHARACTER_SET_RESULTS */;
/*!40101 SET @OLD_COLLATION_CONNECTION=@@COLLATION_CONNECTION */;
/*!40101 SET NAMES utf8mb4 */;

--
-- 資料庫： `the_dice_db`
--

-- --------------------------------------------------------

--
-- 資料表結構 `actor_list`
--

CREATE TABLE `actor_list` (
  `actor_id` int NOT NULL,
  `id` int NOT NULL,
  `actor` varchar(45) CHARACTER SET utf8mb4 COLLATE utf8mb4_0900_ai_ci NOT NULL,
  `actor_job` varchar(45) CHARACTER SET utf8mb4 COLLATE utf8mb4_0900_ai_ci NOT NULL,
  `actor_intro` varchar(255) CHARACTER SET utf8mb4 COLLATE utf8mb4_0900_ai_ci NOT NULL,
  `actor_img` varchar(100) NOT NULL
) ENGINE=InnoDB DEFAULT CHARSET=utf8mb4 COLLATE=utf8mb4_0900_ai_ci;

--
-- 傾印資料表的資料 `actor_list`
--

INSERT INTO `actor_list` (`actor_id`, `id`, `actor`, `actor_job`, `actor_intro`, `actor_img`) VALUES
(1, 13, '張逸飛', '警探', '一位老練的刑警，曾破獲過多起大案。對於一切非科學的現象都持懷疑態度，但這次事件讓他開始動搖。', 'boy.png'),
(2, 13, '劉倩', '電台主持人', '你所在電台的午夜節目主持人，外表柔弱，但內心堅強。她對電台的異常現象早有察覺，但選擇了默不作聲。', 'girl.png'),
(3, 13, '王浩', '黑客', '一名技術高超的黑客，能夠輕鬆破解各種系統。他無意中發現了電台背後的秘密，但這次他可能無法全身而退。', 'boy.png'),
(4, 13, '陳薇', '靈媒', '擁有通靈能力的神秘女子，能夠感知靈異存在。她曾在電台聽過不該聽到的聲音，現在被困在其中。', 'girl.png'),
(5, 13, '沈明軒', '學者', '一位研究都市傳說的教授，對各種靈異事件有深入研究。他將理性與知識作為武器，試圖揭開電台的真相。', 'boy.png'),
(6, 14, '艾倫·福特', '機械工程師', '蒸汽迷城中最優秀的工程師之一，擁有豐富的機械知識。他的發明曾拯救過這座城市，但如今他面臨著更大的挑戰...', 'boy.png'),
(7, 14, '伊芙琳·霍普', '發明家', '才華橫溢的年輕發明家，擅長將魔法與科技結合。她的最新發明似乎與城市的異變有著密切關聯。', 'girl.png'),
(8, 14, '馬克·漢密爾頓', '資訊販子', '一名神秘的情報販子，掌握著城市中所有重要的秘密。他手中的資料往往決定著一場鬥爭的勝負。', 'boy.png'),
(9, 14, '薇奧拉·斯通', '魔法學者', '研究古老魔法的學者，致力於探索魔法與科技的融合。她的知識或許能解開城市變故的謎團。', 'girl.png'),
(10, 14, '奧斯卡·布萊克', '城市守衛隊長', '城市的守護者，負責維持蒸汽迷城的秩序。他的忠誠無可置疑，但這次事件讓他感到力不從心。', 'boy.png'),
(11, 14, '克拉拉·沃森', '記者', '一名勇敢的記者，致力於揭露真相，報導城市中的不公和黑暗。她的筆可能比任何武器都更為鋒利。', 'girl.png'),
(12, 15, '羅伯特·霍華德', '私家偵探', '一位過去有著輝煌戰績的偵探，對於破案充滿熱情，這次他決心揭開迷霧之城的秘密。', 'boy.png'),
(13, 15, '瑪麗·沃森', '記者', '一位勇敢的記者，專注於揭露黑暗和不公，這次她誓要追查黑衣人的真相。', 'girl.png'),
(14, 15, '亨利·威爾斯', '工廠主', '城市中最具影響力的富商之一，他似乎與這座城的黑暗歷史有著千絲萬縷的聯繫。', 'boy.png'),
(15, 15, '艾莉絲·布萊爾', '學者', '一位研究古代神秘學的學者，對於迷霧中的神秘現象有著濃厚的興趣和恐懼。', 'girl.png'),
(16, 15, '詹姆斯·卡特', '警官', '一名年輕且充滿理想的警官，決心讓這座城重回正軌，但他不知道自己已深陷危險。', 'boy.png'),
(17, 15, '薇薇安·格雷', '神秘女子', '她的過去無從查起，但她似乎掌握著迷霧之城最關鍵的秘密，甚至可能與黑衣人有關。', 'girl.png'),
(18, 16, '薩拉·莫里斯', '心理學家', '擅長分析人性與潛意識，但這次她的理性思維將受到極大的挑戰。', 'boy.png'),
(19, 16, '傑森·庫珀', '廢棄宅邸探險者', '對於探索廢棄建築有著濃厚興趣，但他從未預料到這次探險會這麼危險。', 'boy.png'),
(20, 16, '艾米莉·布朗', '大學生', '主修藝術的學生，對於鏡子中的世界充滿好奇，但她很快發現這裡並不如她想像中的那麼美好。', 'girl.png'),
(21, 16, '羅伯特·湯普森', '警探', '一名退役警探，本來只想放鬆一下，卻意外被捲入這場超自然的事件中。', 'boy.png'),
(22, 16, '海倫·霍華德', '神秘學家', '研究古老儀式和禁忌之學，她的知識可能是解開鏡像謎題的關鍵。', 'girl.png'),
(23, 16, '湯姆·威爾森', '醫生', '擅長外科手術的醫生，總能保持冷靜，但這次的經歷讓他感到前所未有的壓力。', 'boy.png'),
(24, 16, '麗莎·凱利', '記者', '專注於報導都市傳說和神秘事件，這次她決心揭露這座宅邸的真正秘密。', 'girl.png'),
(25, 17, '艾利克斯·卡特', '考古學家', '博物館的常客，對古文明充滿熱情，這次的經歷讓他對時間的理解發生了顛覆性的改變。', 'boy.png'),
(26, 17, '蕾貝卡·史密斯', '時間學家', '專門研究時間理論的科學家，這次她將自己的理論應用於實踐，尋找打破循環的辦法。', 'girl.png'),
(27, 17, '湯姆·強森', '警察', '一位為了保護大家而被捲入事件的警察，他的正義感和責任心是團隊的精神支柱。', 'boy.png'),
(28, 17, '米婭·威廉姆斯', '博物館導遊', '對博物館的每一件展品瞭若指掌，她的知識將成為破解謎題的重要線索。', 'girl.png'),
(29, 17, '詹姆斯·羅賓斯', '歷史學教授', '對古代歷史有著深厚的研究，這次事件讓他意識到知識與實踐之間的鴻溝。', 'boy.png'),
(30, 17, '艾莉絲·哈特', '鍊金術師', '神秘的鍊金術師，擁有古老的知識和力量，可能是唯一一個了解詛咒真相的人。', 'girl.png');

-- --------------------------------------------------------

--
-- 資料表結構 `favor_list`
--

CREATE TABLE `favor_list` (
  `user_id` int NOT NULL,
  `id` int NOT NULL
) ENGINE=InnoDB DEFAULT CHARSET=utf8mb4 COLLATE=utf8mb4_0900_ai_ci;

--
-- 傾印資料表的資料 `favor_list`
--

INSERT INTO `favor_list` (`user_id`, `id`) VALUES
(2024001, 1),
(2024001, 2),
(2024001, 3),
(2024001, 4),
(2024001, 5),
(2024001, 6),
(2024001, 7),
(2024001, 8),
(2024001, 9),
(2024001, 10),
(2024001, 11),
(2024001, 12),
(2024001, 13),
(2024001, 1),
(2024001, 2),
(2024001, 3),
(2024001, 4),
(2024001, 5),
(2024001, 6),
(2024001, 7),
(2024001, 8),
(2024001, 9),
(2024001, 10),
(2024001, 11),
(2024001, 12),
(2024001, 13);

-- --------------------------------------------------------

--
-- 資料表結構 `larp_history`
--

CREATE TABLE `larp_history` (
  `history_id` int NOT NULL,
  `user_id` int NOT NULL,
  `ord_id` int NOT NULL
) ENGINE=InnoDB DEFAULT CHARSET=utf8mb4 COLLATE=utf8mb4_0900_ai_ci;

-- --------------------------------------------------------

--
-- 資料表結構 `larp_list`
--

CREATE TABLE `larp_list` (
  `id` int NOT NULL,
  `larp_name` varchar(45) CHARACTER SET utf8mb4 COLLATE utf8mb4_0900_ai_ci NOT NULL,
  `larp_type` tinyint(1) NOT NULL,
  `price` int NOT NULL,
  `larp_people` varchar(45) CHARACTER SET utf8mb4 COLLATE utf8mb4_0900_ai_ci NOT NULL,
  `larp_duration` varchar(45) CHARACTER SET utf8mb4 COLLATE utf8mb4_0900_ai_ci NOT NULL,
  `larp_img` varchar(255) CHARACTER SET utf8mb4 COLLATE utf8mb4_0900_ai_ci DEFAULT NULL,
  `larp_top_img` varchar(255) CHARACTER SET utf8mb4 COLLATE utf8mb4_0900_ai_ci DEFAULT NULL,
  `larp_p1_img` varchar(255) CHARACTER SET utf8mb4 COLLATE utf8mb4_0900_ai_ci DEFAULT NULL,
  `larp_p2_img` varchar(255) CHARACTER SET utf8mb4 COLLATE utf8mb4_0900_ai_ci DEFAULT NULL,
  `larp_intro` varchar(2000) CHARACTER SET utf8mb4 COLLATE utf8mb4_0900_ai_ci DEFAULT NULL,
  `larp_title1` varchar(45) CHARACTER SET utf8mb4 COLLATE utf8mb4_0900_ai_ci DEFAULT NULL,
  `larp_title2` varchar(45) CHARACTER SET utf8mb4 COLLATE utf8mb4_0900_ai_ci DEFAULT NULL,
  `larp_p1` varchar(255) CHARACTER SET utf8mb4 COLLATE utf8mb4_0900_ai_ci DEFAULT NULL,
  `larp_p2` varchar(255) CHARACTER SET utf8mb4 COLLATE utf8mb4_0900_ai_ci DEFAULT NULL
) ENGINE=InnoDB DEFAULT CHARSET=utf8mb4 COLLATE=utf8mb4_0900_ai_ci;

--
-- 傾印資料表的資料 `larp_list`
--

INSERT INTO `larp_list` (`id`, `larp_name`, `larp_type`, `price`, `larp_people`, `larp_duration`, `larp_img`, `larp_top_img`, `larp_p1_img`, `larp_p2_img`, `larp_intro`, `larp_title1`, `larp_title2`, `larp_p1`, `larp_p2`) VALUES
(1, '失落的魔法書', 1, 600, '4-7 人', '60分鐘', 'larpImage-1.png', 'magicbook-3.png', 'magicbook-1.png', 'magicbook-2.png', '在一個充滿魔法與神秘的世界中，一本擁有無限力量的古老魔法書突然消失。這本書曾經是保護世界和平的關鍵，然而隨著它的消失，黑暗勢力開始崛起。你和你的同伴是受託尋找這本失落魔法書的冒險者，必須穿越重重障礙，解開魔法謎題，並在黑暗勢力找到它之前，將魔法書帶回光明的世界', '迷失的遠古森林', '黑暗勢力逼近', '你們的旅程開始於一片被遺忘的森林，這裡充滿了詭秘的生物和古老的魔法陷阱。每一步都可能引發危機，只有解開隱藏的謎題才能找到前往下一步的線索。', '當你們接近魔法書的藏匿之地時，黑暗勢力的陰影也隨之逼近。你們必須加快腳步，在黑暗完全吞噬世界之前，奪回這本失落的魔法書。'),
(2, '禁忌實驗室', 1, 500, '3-5 人', '90分鐘', 'larpImage-5.png', 'ForbiddenLaboratory-3.png', 'ForbiddenLaboratory-1.png', 'ForbiddenLaboratory-2.png', '你和你的團隊受僱於一個神秘組織，潛入一個廢棄的地下實驗室。這個實驗室曾經進行過一些禁忌的實驗，但在某個夜晚，所有的科學家都離奇失踪。現在，你們必須找到實驗室內的秘密，避免被隱藏在陰影中的未知力量所吞噬。在時間耗盡之前，你們需要破解密碼鎖、解開神秘裝置，並揭開實驗背後的真相。', '迷霧中的真相', '絕望的呼喚', '你們發現了實驗室中一個隱藏的房間，牆上覆滿了塵封已久的筆記和圖紙。每一頁紙張似乎都在拼湊出一個駭人的故事，揭示著實驗背後的禁忌真相。', '當你們進一步探索時，耳邊突然響起了模糊的低語聲，似乎是來自失踪科學家的靈魂。他們的呼喚充滿了痛苦，警告著你們某個無法逆轉的命運即將到來。'),
(3, '時光機密', 1, 700, '4-6 人', '50分鐘', 'larpImage-6.png', 'timeSecret-3.png', 'timeSecret-1.png', 'timeSecret-2.png', '一位瘋狂的科學家成功發明了能夠穿越時空的機器，但這台機器卻被邪惡組織盜走，意圖改變歷史來統治世界。你和你的隊伍是特派的時間守護者，任務是潛入這個邪惡組織的基地，尋找並修復這台失控的時光機，阻止他們的陰謀，並修正被改變的歷史事件。在時間耗盡前，你們必須破解各種時空謎題，拯救未來的命運。', '扭曲的歷史迷宮', '追逐時光之影', '你們發現自己被困在一個不斷變化的歷史迷宮中，這裡的時間線已經被篡改。每個錯誤的抉擇都可能使歷史更加扭曲，必須迅速修復時間錯誤。', '隨著時間流逝，你們發現邪惡組織正加速進行他們的計劃。你們必須在時光機徹底失控之前找到它，並將時間線恢復至原本的軌道。'),
(4, '幽靈船的詛咒', 1, 650, '4-8 人', '60分鐘', 'larpImage-7.png', 'ghostShip-3.png', 'ghostShip-1.png', 'ghostShip-2.png', '在海上漂流多年的幽靈船突然現身，據說這艘船承載著一個古老的詛咒，所有踏上這艘船的人都無法活著離開。你和你的團隊是尋寶者，因為傳說中的寶藏而登上這艘神秘的船。船內到處都是失落靈魂的低語，隱藏著解開詛咒的關鍵線索。你們必須在幽靈和詛咒的威脅下，找到寶藏，並逃出這艘致命的船，否則你們將永遠成為幽靈船的一部分。', '靈魂的回響', '異次元的入口', '當你們進入實驗室的核心區域時，四周開始回蕩著低沉的哭聲和淒厲的尖叫。這些聲音似乎來自被困的靈魂，它們的痛苦讓空氣變得異常沉重。', '在探索過程中，你們發現了一個通往異次元的門戶，這裡的規則與現實世界截然不同。只有解開這裡的謎題，才能找到失踪科學家的下落，並逃離這個詭異的空間。'),
(5, '地下墓穴的秘密', 1, 550, '4-6 人', '60分鐘', 'larpImage-8.png', 'underSecret-2.png', 'underSecret-3.png', 'underSecret-1.png', '在一個遙遠的小鎮下方，有一個歷史悠久的地下墓穴，裡面埋藏著古老的秘密和無數被遺忘的靈魂。傳說中，墓穴內隱藏著某種強大的力量，但從未有人能活著回來。你和你的隊伍是一群專業的探險家，決定進入這個神秘的地下墓穴，尋找傳說中的寶藏和秘密。然而，當你們深入墓穴後，發現被詛咒的亡靈開始復甦，你們必須破解古老的謎題，找到出路，否則將永遠困在這片陰森的地下世界中。', '亡靈的低語', '逃離黑暗深淵', '隨著你們深入墓穴，牆壁上刻滿了詭異的符號，耳邊響起亡靈的低語。他們的聲音警告著你們不要繼續前進，但你們知道前方隱藏著寶藏的線索。', '當你們找到寶藏時，詛咒的力量使墓穴開始崩塌。亡靈們不再只是低語，而是開始追擊你們。你們必須迅速找到出路，否則將永遠困在這片黑暗中。'),
(6, '鬼屋實驗室', 1, 600, '3-6 人', '70分鐘', 'larpImage-9.png', 'ghostExperience-3.png', 'ghostExperience-1.png', 'ghostExperience-2.png', '一座看似普通的老宅子裡藏著一個隱秘的實驗室，據說這裡曾經進行過可怕的實驗，涉及神秘的靈魂轉移和異次元技術。近期，有關這些實驗的神秘資料被洩漏，導致一系列奇怪的事件發生。你和你的團隊被委託進入這座鬼屋實驗室，尋找失踪的科學家和解開這些可怕實驗的真相。在你們探索的過程中，會面對恐怖的靈異現象和錯綜複雜的謎題，必須在幽靈的追逐下，找到生還的辦法。', '靈魂的回響', '異次元的入口', '當你們進入實驗室的核心區域時，四周開始回蕩著低沉的哭聲和淒厲的尖叫。這些聲音似乎來自被困的靈魂，它們的痛苦讓空氣變得異常沉重。', '在探索過程中，你們發現了一個通往異次元的門戶，這裡的規則與現實世界截然不同。只有解開這裡的謎題，才能找到失蹤科學家的下落，並逃離這個詭異的空間。'),
(7, '極地求生', 1, 650, '4-6 人', '80分鐘', 'larpImage-10.png', 'PolarSurvival-3.png', 'PolarSurvival-1.png', 'PolarSurvival-2.png', '在遙遠的北極地區，一個名為“極地研究站”的科學研究基地與世隔絕。這裡曾經進行過一項關於異常氣候和外星生命的實驗，但突然失聯，所有聯絡中斷。你和你的團隊被派往這個孤立的研究站，尋找失踪的科學家和解開基地的神秘事件。隨著你們進入研究站，發現這裡的系統已經被破壞，實驗室充滿了異常的現象和詭異的生物。你們必須在極地的嚴酷環境中解決謎題，找到線索，並逃出這個被遺棄的基地。', '異象的真相', '冰封的恐懼', '你們在研究站內發現了一系列異常的氣象數據和實驗記錄，這些資料揭示了研究站與外星生命接觸的證據，也暗示了更深層的陰謀。', '當你們深入研究站時，發現這裡已經成為詭異生物的巢穴。你們必須躲避它們的追擊，破解基地內的謎題，並找到逃脫的方法。'),
(8, '午夜圖書館', 1, 500, '4-6 人', '90分鐘', 'larpImage-11.png', 'moonnoight-3.png', 'moonnoight-1.png', 'moonnoight-2.png', '在城市的某個角落，有一座被遺忘的古老圖書館，據說每到午夜時分，這裡會變成一個充滿神秘和靈異現象的地方。圖書館的書架上擺滿了禁忌書籍和古老的卷軸，傳說這些書籍藏著改變世界的秘密。你和你的團隊在一次偶然的機會下進入了這座圖書館，但卻發現自己被困在了這裡。隨著午夜的鐘聲響起，書籍開始自主移動，隱藏的秘密逐漸揭開。你們必須破解這些神秘的謎題，找到逃出圖書館的路徑，否則將永遠被困在這個超自然的空間中。', '禁忌書籍的啟示', '靈異的書架迷宮', '午夜時分，書架上的禁忌書籍開始發出微弱的光芒，書頁自動翻動，露出了隱藏的古老符文和預言。你們必須解讀這些文字才能揭開下一步的線索。', '圖書館的書架開始自主移動，形成一個錯綜複雜的迷宮。每條錯誤的路徑都可能引發恐怖的靈異現象，只有找到正確的路徑才能逃出生天。'),
(9, '遺失的皇宮', 1, 700, '4-6 人', '50分鐘', 'larpImage-12.png', 'LostPalace-3.png', 'LostPalace-1.png', 'LostPalace-2.png', '傳說中的遺失皇宮，曾經是古代一位帝王的華麗宮殿，但因為一場神秘的詛咒而被時間遺忘。這座皇宮中藏有無數的寶藏和秘密，而唯一能夠解開這些秘密的鑰匙就隱藏在皇宮的深處。你和你的團隊是歷史愛好者，決定探險這座遺失的皇宮，尋找傳說中的寶藏和失落的帝王遺物。在你們的探索過程中，你們需要解開古老的謎題，面對奢華但充滿陷阱的宮殿，找到通往寶藏的道路，並安全逃出這座被詛咒的皇宮。', '帝王的隱秘通道', '詛咒的皇宮守護者', '當你們深入皇宮時，發現一條隱藏的通道，通往一間充滿奢華裝飾的密室。這裡的每一件物品都可能是解開詛咒的關鍵，但也暗藏著致命的陷阱。', '在你們接近寶藏時，皇宮的守護者蘇醒了。這些古代的機關與詛咒之力相結合，對每個入侵者展開猛烈攻擊。你們必須迅速解開最終的謎題，才能在詛咒之下全身而退。'),
(10, '海底古城', 1, 650, '4-6 人', '60分鐘', 'larpImage-2.png', 'underwaterTown-3.png', 'underwaterTown-1.png', 'underwaterTown-2.png', '在深海的某個角落，傳說中有一座沉沒的古城，擁有無數失落的寶藏和被遺忘的秘密。多年來，這座古城被海洋的神秘力量保護著，幾乎無人能夠到達。你和你的團隊是一群探險家，受邀進入這座神秘的海底古城。當你們潛入深海時，發現這座古城的遺跡中滿是被海水侵蝕的寶藏和隱藏的謎題。你們必須解開古城中的謎團，找到出口，並在海洋生物的威脅下安全逃脫。', '海底的遺忘寶藏', '潛伏的深海威脅', '當你們探索古城的廢墟時，發現了藏在海床下的寶藏。這些寶藏閃閃發光，但同時也喚醒了守護這些秘密的海洋力量，你們必須謹慎行動', '隨著你們深入古城，感受到來自黑暗深處的威脅。神秘的海洋生物開始逼近，你們必須迅速破解謎題，找到出口，才能逃脫這片危險的深海。'),
(11, '黑暗馬戲團', 1, 600, '4-6 人', '60分鐘', 'larpImage-3.png', 'DarkCircus-3.png', 'DarkCircus-1.png', 'DarkCircus-2.png', '這是一個傳說中的馬戲團，曾經風靡一時，但因為一場神秘的災難而消失無蹤。多年後，馬戲團的帳篷再次出現在城市的邊緣，但這次它的氛圍比以前更為詭異。傳聞每個進入馬戲團的人都再也沒有出來過。你和你的團隊決定揭開這個黑暗馬戲團的秘密，當你們踏入馬戲團的大帳篷時，發現自己陷入了一個充滿奇幻與恐怖的世界，馬戲團的表演者們變成了詭異的傀儡和扭曲的怪物。你們必須在這個扭曲的空間中找到生路，解開馬戲團背後的黑暗謎團，並在它吞噬你們之前逃出生天。', '幻影的馬戲表演', '黑暗的秘密幕後', '你們發現馬戲團的表演者變成了詭異的傀儡，每個角落都藏著恐怖的幻象。這些扭曲的怪物似乎在默默地觀察你們的每一步，你們必須迅速破解它們的秘密。', '在探索過程中，你們發現了一個隱藏的房間，這裡儲藏著馬戲團災難的真相。只有揭開這些黑暗的秘密，才能找到逃離這個詭異馬戲團的出路，避免被其永遠吞噬。'),
(12, '雪嶺幽魂', 1, 550, '4-6 人', '70分鐘', 'larpImage-4.png', 'SnowyPeaks-3.png', 'SnowyPeaks-1.png', 'SnowyPeaks-2.png', '在偏遠的雪嶺中，傳聞有一座被詛咒的古老研究站，曾經是科學家們研究神秘能量的基地。多年來，這座研究站因一場突如其來的暴風雪而與外界失聯，所有進去尋找的人都未能活著出來。你和你的團隊是冒險家，決定進入這座失落的研究站揭開它的秘密。然而，進入後你們發現研究站中瀰漫著一種異常的寒冷，並開始聽到低語聲和看到幽靈般的身影。隨著時間的推移，恐懼逐漸加深，你們必須解開這些超自然現象背後的謎團，找到逃脫的路，並在被冰冷的幽靈吞噬前逃出生天。', '冰封的迷宮', '鬼魂的冰冷影響', '在研究站內，你們發現了一個由冰雪和霧氣形成的迷宮，這裡的每個角落都充滿了詭異的幻象和低語聲。每一步都可能帶來新的驚險挑戰，只有解開迷宮的謎題才能找到出路。', '隨著時間的推移，冰冷的幽靈越來越明顯，它們的存在似乎與研究站的詛咒有關。你們必須找到驅散這些鬼魂的線索，才能在完全被冰冷吞噬之前安全逃出這座詭異的基地。'),
(13, '午夜電台', 0, 2250, '5人', '3小時', 'SkillImage-1.png', '', '', '', '午夜時分，你偶然調到了一個神秘的電台頻道，主持人聲音低沉而詭異。隨著節目的進行，你發現電台播放的內容竟然與現實發生的事情有驚人的聯繫，甚至預告了即將發生的恐怖事件。你和其他聽眾一同被捲入這場離奇的事件中，必須解開謎團，才能避免災難的降臨。然而，這一切的背後似乎隱藏著一個更大的陰謀……你能否在午夜之後，找到真相並活著走出這場噩夢？', '', '', '', ''),
(14, '荒野餘生', 0, 3300, '6人', '3小時', 'SkillImage-4.png', '', '', '', '你和你的團隊在一場原本計劃為探險的飛行途中，因機械故障而墜落在一片與世隔絕的荒野。這片荒野充滿了未知的危險和神秘的遺跡，只有互相合作才能在這裡生存下去。隨著日子一天天過去，食物和水源逐漸減少，團隊中的人開始出現不信任和矛盾。而在荒野深處，隱藏著一個關於這片土地的古老秘密——一個曾經消失的文明和它留下的致命詛咒。你必須面對內外雙重威脅，在恐懼與絕望中，找出回家的路。', '', '', '', ''),
(15, '幽靈城謎案', 0, 3300, '6人', '3小時', 'SkillImage-2.png', '', '', '', '在一個被迷霧籠罩的古老城市中，每當夜幕降臨，街道上便會出現一位神秘的黑衣人。他似乎與近期接連發生的失蹤案件有關，但警方始終無法掌握他的行蹤。你和其他幾位市民在一次機緣巧合下被捲入這場案件中，並發現自己身處這座迷霧之城的中心。隨著時間的推移，真相逐漸浮現，而你們必須在迷霧吞噬一切之前找到逃脫的方法，並揭開這位黑衣人的真面目。', '', '', '', ''),
(16, '鏡像幻夢', 0, 4200, '7人', '3.5小時', 'SkillImage-5.png', '', '', '', '你和你的朋友在一次偶然的探險中，無意間進入了一座神秘的古老宅邸。這座宅邸內部的每一面鏡子都似乎通向另一個世界。在這些世界裡，現實與夢境交錯，你們逐漸發現，這些鏡子不僅僅是倒影，而是通往未知的通道。隨著探索的深入，你們將面對內心深處的恐懼，並發現每個人都有一個鏡中替身，他們的目的不明。你們必須在時間耗盡之前找出真相，否則將永遠被困在這無盡的鏡像之中。', '', '', '', ''),
(17, '沙漏的詛咒', 0, 3300, '6人', '2.5小時', 'SkillImage-3.png', '', '', '', '你和你的朋友們在參觀一座古老的博物館時，無意中激活了一個被詛咒的沙漏。隨著沙漏中的沙子不斷流逝，時間開始扭曲，你們被困在一個不斷循環的時空中。每次沙子流完，你們都會回到原點，但記憶和傷痕卻不會消失。要想打破這個詛咒，你們必須找到隱藏在博物館中的古老秘密，解開時間的謎題，並在最後一粒沙子落下之前找到擺脫詛咒的方法。', '', '', '', '');

-- --------------------------------------------------------

--
-- 資料表結構 `larp_loc`
--

CREATE TABLE `larp_loc` (
  `larp_loc_id` int NOT NULL,
  `id` int NOT NULL,
  `loc_id` int NOT NULL
) ENGINE=InnoDB DEFAULT CHARSET=utf8mb4 COLLATE=utf8mb4_0900_ai_ci;

--
-- 傾印資料表的資料 `larp_loc`
--

INSERT INTO `larp_loc` (`larp_loc_id`, `id`, `loc_id`) VALUES
(1, 1, 1),
(2, 1, 2),
(3, 1, 3),
(4, 2, 1),
(5, 2, 3),
(6, 3, 1),
(7, 3, 2),
(8, 4, 2),
(9, 4, 3),
(10, 5, 1),
(11, 5, 2),
(12, 5, 3),
(13, 6, 1),
(14, 6, 3),
(15, 7, 1),
(16, 7, 2),
(17, 8, 2),
(18, 8, 3),
(19, 9, 1),
(20, 9, 2),
(21, 9, 3),
(22, 10, 1),
(23, 10, 3),
(24, 11, 1),
(25, 11, 2),
(26, 12, 2),
(27, 12, 3),
(28, 13, 1),
(29, 13, 2),
(30, 13, 3),
(31, 14, 1),
(32, 14, 3),
(33, 15, 1),
(34, 15, 2),
(35, 16, 2),
(36, 16, 3),
(37, 17, 1),
(38, 17, 2),
(39, 17, 3);

-- --------------------------------------------------------

--
-- 資料表結構 `larp_ord_list`
--

CREATE TABLE `larp_ord_list` (
  `ord_id` int NOT NULL,
  `ord_theme` int NOT NULL,
  `ord_loc` int NOT NULL,
  `ord_date` date NOT NULL,
  `ord_time` time NOT NULL,
  `ord_people` int NOT NULL,
  `ord_total` int NOT NULL,
  `ord_pay` tinyint(1) DEFAULT '0',
  `place_time` datetime NOT NULL DEFAULT CURRENT_TIMESTAMP,
  `user_id` int NOT NULL,
  `ord_name` varchar(45) NOT NULL,
  `ord_mobile` varchar(45) NOT NULL,
  `ord_email` varchar(100) NOT NULL,
  `larp_comm` varchar(1000) CHARACTER SET utf8mb4 COLLATE utf8mb4_0900_ai_ci DEFAULT NULL,
  `larp_star` int DEFAULT NULL
) ENGINE=InnoDB DEFAULT CHARSET=utf8mb4 COLLATE=utf8mb4_0900_ai_ci;

--
-- 傾印資料表的資料 `larp_ord_list`
--

INSERT INTO `larp_ord_list` (`ord_id`, `ord_theme`, `ord_loc`, `ord_date`, `ord_time`, `ord_people`, `ord_total`, `ord_pay`, `place_time`, `user_id`, `ord_name`, `ord_mobile`, `ord_email`, `larp_comm`, `larp_star`) VALUES
(2000043, 3, 2, '2024-10-25', '14:00:00', 5, 3500, 0, '2024-10-16 12:49:19', 2024035, '張家麒', '0989517425', 'jesh1321@gmail.com', NULL, NULL),
(2000049, 1, 3, '2024-10-18', '14:00:00', 6, 3600, 0, '2024-10-17 09:24:08', 2024001, '張家麒', '0989517425', 'jesh1321@gmail.com', NULL, NULL),
(2000051, 6, 3, '2024-10-18', '10:00:00', 4, 2400, 0, '2024-10-17 09:29:41', 2024001, '張家麒', '0989517425', 'jesh1321@gmail.com', NULL, NULL),
(2000054, 1, 3, '2024-10-31', '10:00:00', 6, 3600, 0, '2024-10-17 11:59:42', 2024029, '陳依珊', '0912054378', 'jennie@gmail.com', NULL, NULL),
(2000055, 5, 1, '2024-10-18', '10:00:00', 6, 3300, 0, '2024-10-17 12:05:08', 2024001, '張家麒', '0989517425', 'jesh1321@gmail.com', NULL, NULL),
(2000056, 5, 1, '2024-10-18', '10:00:00', 5, 2750, 0, '2024-10-17 12:05:41', 2024029, '陳依珊', '0912054378', 'jennie@gmail.com', NULL, NULL),
(2000059, 6, 3, '2024-11-20', '10:00:00', 5, 3000, 0, '2024-10-17 12:11:12', 2024001, '張家麒', '0989517425', 'jesh1321@gmail.com', NULL, NULL),
(2000060, 6, 3, '2024-11-20', '10:00:00', 5, 3000, 0, '2024-10-17 12:11:43', 2024029, '陳依珊', '0912054378', 'jennie@gmail.com', NULL, NULL),
(2000061, 3, 2, '2024-11-13', '10:00:00', 6, 4200, 0, '2024-10-17 12:14:43', 2024001, '張家麒', '0989517425', 'jesh1321@gmail.com', NULL, NULL),
(2000062, 3, 2, '2024-11-13', '10:00:00', 5, 3500, 0, '2024-10-17 12:15:15', 2024029, '陳依珊', '0912054378', 'jennie@gmail.com', NULL, NULL),
(2000063, 3, 2, '2024-10-25', '10:00:00', 5, 3500, 0, '2024-10-17 12:16:45', 2024001, '張家麒', '0989517425', 'jesh1321@gmail.com', NULL, NULL),
(2000064, 11, 2, '2024-10-19', '10:00:00', 6, 3600, 0, '2024-10-17 12:18:03', 2024029, '陳依珊', '0912054378', 'jennie@gmail.com', NULL, NULL),
(2000065, 6, 3, '2024-10-26', '10:00:00', 4, 2400, 0, '2024-10-17 12:19:58', 2024001, '張家麒', '0989517425', 'jesh1321@gmail.com', NULL, NULL),
(2000066, 9, 3, '2024-10-26', '10:00:00', 5, 3500, 0, '2024-10-17 12:21:30', 2024001, '張家麒', '0989517425', 'jesh1321@gmail.com', NULL, NULL),
(2000067, 2, 1, '2024-10-26', '10:00:00', 3, 1500, 0, '2024-10-17 12:26:24', 2024001, '張家麒', '0989517425', 'jesh1321@gmail.com', NULL, NULL),
(2000068, 5, 3, '2024-10-26', '10:00:00', 4, 2200, 0, '2024-10-17 12:47:44', 2024001, '張家麒', '0989517425', 'jesh1321@gmail.com', NULL, NULL),
(2000069, 7, 2, '2024-10-19', '10:00:00', 5, 3250, 0, '2024-10-17 12:50:26', 2024001, '張家麒', '0989517425', 'jesh1321@gmail.com', NULL, NULL),
(2000070, 12, 3, '2024-10-19', '10:00:00', 4, 2200, 0, '2024-10-17 12:59:13', 2024001, '陳依珊', '0912054378', 'jennie@gmail.com', NULL, NULL),
(2000071, 9, 3, '2024-10-18', '10:00:00', 6, 4200, 0, '2024-10-17 13:00:32', 2024001, '張家麒', '0989517425', 'jesh1321@gmail.com', NULL, NULL),
(2000072, 6, 3, '2024-10-18', '18:00:00', 4, 2400, 0, '2024-10-17 13:02:07', 2024001, '陳依珊', '0912054378', 'jennie@gmail.com', NULL, NULL),
(2000073, 2, 3, '2024-10-18', '10:00:00', 4, 2000, 0, '2024-10-17 13:53:52', 2024001, '張家麒', '0989517425', 'jesh1321@gmail.com', NULL, NULL),
(2000074, 1, 3, '2024-10-24', '10:00:00', 4, 2400, 0, '2024-10-18 09:05:20', 2024001, '張家麒', '0989517425', 'jesh1321@gmail.com', NULL, NULL),
(2000075, 7, 2, '2024-11-06', '10:00:00', 5, 3250, 0, '2024-10-18 11:57:36', 2024001, '張家麒', '0989517425', 'jesh1321@gmail.com', NULL, NULL);

-- --------------------------------------------------------

--
-- 資料表結構 `larp_tag`
--

CREATE TABLE `larp_tag` (
  `larp_tag_id` int NOT NULL,
  `id` int NOT NULL,
  `tag_id` int NOT NULL
) ENGINE=InnoDB DEFAULT CHARSET=utf8mb4 COLLATE=utf8mb4_0900_ai_ci;

--
-- 傾印資料表的資料 `larp_tag`
--

INSERT INTO `larp_tag` (`larp_tag_id`, `id`, `tag_id`) VALUES
(1, 1, 1),
(2, 1, 2),
(3, 1, 3),
(4, 2, 4),
(5, 2, 5),
(6, 2, 6),
(7, 3, 4),
(8, 3, 2),
(9, 3, 22),
(10, 4, 7),
(11, 4, 8),
(12, 4, 9),
(13, 5, 8),
(14, 5, 10),
(15, 5, 11),
(16, 6, 5),
(17, 6, 12),
(18, 6, 8),
(19, 7, 4),
(20, 7, 5),
(21, 7, 13),
(22, 8, 14),
(23, 8, 6),
(24, 8, 15),
(25, 9, 16),
(26, 9, 17),
(27, 9, 18),
(28, 10, 2),
(29, 10, 14),
(30, 10, 7),
(31, 11, 5),
(32, 11, 19),
(33, 11, 1),
(34, 12, 8),
(35, 12, 14),
(36, 12, 20),
(37, 13, 8),
(38, 13, 6),
(39, 13, 24),
(40, 14, 21),
(41, 14, 6),
(42, 14, 2),
(43, 15, 19),
(44, 15, 6),
(45, 15, 25),
(46, 16, 15),
(47, 16, 23),
(48, 16, 6),
(49, 17, 22),
(50, 17, 11),
(51, 17, 14);

-- --------------------------------------------------------

--
-- 資料表結構 `loc_list`
--

CREATE TABLE `loc_list` (
  `loc_id` int NOT NULL,
  `loc_name` varchar(45) NOT NULL
) ENGINE=InnoDB DEFAULT CHARSET=utf8mb4 COLLATE=utf8mb4_0900_ai_ci;

--
-- 傾印資料表的資料 `loc_list`
--

INSERT INTO `loc_list` (`loc_id`, `loc_name`) VALUES
(1, '台北館'),
(2, '台中館'),
(3, '高雄館'),
(1, '台北館'),
(2, '台中館'),
(3, '高雄館');

-- --------------------------------------------------------

--
-- 資料表結構 `order_history`
--

CREATE TABLE `order_history` (
  `history_id` int NOT NULL,
  `user_id` int NOT NULL,
  `ord_id` int NOT NULL
) ENGINE=InnoDB DEFAULT CHARSET=utf8mb4 COLLATE=utf8mb4_0900_ai_ci;

-- --------------------------------------------------------

--
-- 資料表結構 `otp_tokens`
--

CREATE TABLE `otp_tokens` (
  `id` int NOT NULL,
  `email` varchar(255) DEFAULT NULL,
  `token` varchar(255) DEFAULT NULL,
  `created_at` datetime DEFAULT NULL
) ENGINE=InnoDB DEFAULT CHARSET=utf8mb4 COLLATE=utf8mb4_0900_ai_ci;

-- --------------------------------------------------------

--
-- 資料表結構 `prod_list`
--

CREATE TABLE `prod_list` (
  `id` int NOT NULL,
  `prod_img` varchar(255) NOT NULL,
  `prod_name` varchar(255) NOT NULL,
  `prod_desc` varchar(5000) NOT NULL,
  `prod_intro` varchar(5000) NOT NULL,
  `prod_rules` varchar(5000) NOT NULL,
  `prod_people` varchar(255) NOT NULL,
  `prod_time` varchar(255) NOT NULL,
  `price` int NOT NULL,
  `prod_sales` int NOT NULL,
  `prod_stock` int NOT NULL,
  `prod_disc` int NOT NULL,
  `prod_update` date NOT NULL,
  `prod_remove` date NOT NULL
) ENGINE=InnoDB DEFAULT CHARSET=utf8mb4 COLLATE=utf8mb4_0900_ai_ci COMMENT='桌遊商品列表';

--
-- 傾印資料表的資料 `prod_list`
--

INSERT INTO `prod_list` (`id`, `prod_img`, `prod_name`, `prod_desc`, `prod_intro`, `prod_rules`, `prod_people`, `prod_time`, `price`, `prod_sales`, `prod_stock`, `prod_disc`, `prod_update`, `prod_remove`) VALUES
(201, '001.jpeg', '龍之遺跡 Dragon’s Legacy', '在遙遠的大陸上，有一座神秘的城堡，據說裡面藏著龍的寶藏。這座城堡被稱為「龍之遺跡」。傳說中，這位巨龍曾是一位強大的魔法師，他的寶藏包含了無數的寶石、魔法物品和知識。冒險者們聞風而至，希望能夠一探究竟，但城堡充滿了陷阱、謎題和神秘的魔法，只有最勇敢的人才能夠成功。', '「龍之遺跡」——挑戰你的勇氣，解開古老的謎題，收集龍的寶藏！你是否敢踏足這座神秘城堡，成為傳說中的冒險者？探索城堡，解開謎題，收集寶物，並避免被龍發現。', '探索城堡，解開謎題，收集寶物，並避免被龍發現。', '2-4人', '30-45分鐘', 1280, 212, 0, 1, '2023-10-15', '2024-12-15'),
(202, '002.jpeg', '幽靈船 Ghost Ship', '背景故事：*在一個風暴肆虐的夜晚，一艘幽靈船漂浮在海上。這艘船曾經是可怕的海盜船，現在卻成了鬼魂的家。船上的幽靈船員試圖找到失散的寶藏，但他們必須面對詛咒和鬼魂的威脅。每個角落都隱藏著危險，但寶藏就在眼前。*', '「幽靈船」——勇敢的冒險者，你準備好挑戰這個詛咒的海盜船了嗎？解開謎題，收集寶藏，並避免被幽靈抓住！', '探索船上的房間，解開謎題，收集寶藏，並避免被幽靈抓住。', '3-6人', '30-60分鐘', 1540, 130, 23, 1, '2023-10-01', '2025-03-01'),
(203, '003.jpeg', '奇幻競技場 Fantasy Arena', '在一個神秘的競技場中，不同種族的戰士、法師和怪物聚集在一起，為了榮譽和寶物而戰。這個競技場由神秘的魔法師創造，中央有一個傳送門，通向其他世界。每個角色都有獨特的技能，每場比賽都是一場驚心動魄的戰鬥。', '成為最強的戰士或最聰明的法師！在這個神秘的競技場中，你將面對其他冒險者，爭奪榮譽和寶物。', '選擇角色，使用技能，擊敗其他玩家，並進入傳送門。', '2-8人', '180-240分鐘', 2060, 460, 43, 1, '2024-01-15', '2024-12-15'),
(204, '004.jpeg', '時光迷宮 Chrono Labyrinth', '在一個神秘的森林深處，有一座古老的迷宮，被稱為「時光迷宮」。這個迷宮不僅是空間的迷宮，還是時間的迷宮。每個房間都通往不同的時代，從史前時代到遙遠的未來，甚至是平行宇宙。傳說中，時光迷宮的中心藏著一個能夠改變歷史的神秘寶物。', '穿越時空，解開謎題，收集時間碎片，並找到中心的寶物。你是否敢挑戰這個跨越世紀的冒險？', '移動，旋轉迷宮的部分，收集時間碎片，並找到出口。', '1-4人', '60-90分鐘', 2400, 220, 23, 1, '2023-10-01', '2024-12-01'),
(205, '005.jpeg', '魔法糖果工廠 Enchanted Candy Factory', '在一個彩色繽紛的世界中，有一座神奇的糖果工廠，名為「魔法糖果工廠」。這個工廠由一位古老的糖果師傅創立，他擁有神秘的魔法技能，能夠製作出令人驚艷的糖果。這些糖果不僅美味，還具有奇幻的效果，例如讓人飛行、變小或甚至穿越時空。', '歡迎來到糖果的奇幻世界！在這裡，你將品嚐到從未嘗過的糖果，探索神秘的糖果機器，並與其他糖果愛好者一起分享甜蜜的時光。快來參觀我們的工廠，讓魔法糖果點亮你的生活！', '收集糖果，避免陷阱，並與其他玩家競爭。', '2-5人', '30-45分鐘', 1820, 260, 43, 1, '2023-11-01', '2025-01-01'),
(206, '006.jpeg', '魔法餐廳 Enchanted Bistro', '在一個隱藏於森林深處的神秘餐廳，糖果、藥草和魔法交織成美味佳餚。這裡的廚師是糖果精靈和烹飪巫師，他們的料理能夠賦予食客不同的魔法效果。每道菜都是一場奇幻的冒險，每個客人都是一位冒險者。', '品嚐魔法的滋味！我們的料理不僅美味，還能讓你飛行、隱形或變小。快來體驗這場奇幻的美食之旅！', '玩家扮演廚師，製作糖果料理，吸引各種奇特的客人，並獲得最多的魔法星星。', '1-8人', '20-30分鐘', 1100, 254, 21, 1, '2024-02-01', '2025-06-01'),
(207, '007.jpeg', '詭異時光錶 Eerie Hourglass', '一個神秘的沙漏能夠穿越時空，將人們帶到不同的年代。但每次使用都會引發詭異事件，需要解開謎題才能回到現實。這款神秘的時光錶是一位古老的時間守護者所創造。它看似一個普通的沙漏，但卻擁有非凡的力量。每當你翻轉它，你就能夠穿越到不同的年代，體驗過去和未來的奇幻世界。然而，使用時光錶總是伴隨著詭異事件，需要解開謎題才能回到現實。', '穿越歷史，解開謎團，找回失落的記憶。你是否敢挑戰這個跨越世紀的冒險？', '玩家在不同時代探索，收集時間碎片，並避免遇到詭異的事件。', '4-8人', '45-60分鐘', 1580, 257, 21, 1, '2024-01-15', '2025-11-30'),
(208, '008.jpeg', '笑話大亂鬥 Joke Brawl', '在一個詼諧的競技場上，各種笑話角色爭奪笑聲之冠。這裡有說冷笑話的小丑、搞笑的外星人、諷刺的詩人，甚至是一位神秘的笑聲使者。每個人都想成為最有趣的人，贏得觀眾的掌聲。你是一位年輕的笑話師，渴望在「笑話大亂鬥」中嶄露頭角。你的目標是成為最搞笑的人，贏得笑聲之冠。在競技場上，你遇到了其他笑話角色，例如「謎語大師」和「語言戰士」。每個人都有自己獨特的笑話技能，例如「語言戰士」可以用文字創造出最詼諧的場景。', '成為最搞笑的人！使用你的笑話牌，讓其他玩家笑出來，贏得笑聲之冠。', '玩家選擇一個笑話角色，使用笑話牌，讓其他玩家笑出來，並贏得笑聲之冠。', '4-12人', '45-60分鐘', 1700, 143, 22, 1, '2024-02-15', '2025-01-15'),
(209, '009.jpeg', '怪獸養成所 Monster Nursery', '在一個神秘的怪獸養成所，你是怪獸訓練師。這個養成所位於一座隱藏在樹林中的古老城堡，被魔法結界保護著。你的目標是培養出最可愛、最詭異、最厲害的怪獸，並讓它們成為世界上最受歡迎的寵物。在養成所裡，你遇到了各種奇特的怪獸，例如「毛絨龍」和「幻影貓」。你必須學會如何餵食、訓練和照顧它們，並與其他訓練師交流經驗。', '養成你的專屬怪獸！收集怪獸卡片，進行訓練，並參加怪獸比賽，贏得獎杯。你的冒險從這裡開始！', '玩家收集怪獸卡片，進行訓練，並參加怪獸比賽，贏得獎杯。', '4-6人', '60-120分鐘', 2220, 267, 53, 1, '2024-05-01', '2025-06-01'),
(210, '010.jpeg', '魔法鬥拳 Mystic Fisticuffs', '在一個魔法世界中，各種奇特的生物參加鬥拳比賽，使用魔法技能和特殊招式。這個競技場由神秘的魔法使者創造，中央有一個神奇的鬥拳之石，據說能夠賦予戰士無限的力量。你是一位年輕的戰士，渴望在「魔法鬥拳」中證明自己的實力。你的目標是成為最強的鬥拳戰士，贏得鬥拳之石。', '成為最強的戰士！使用你的魔法技能，進行鬥拳比賽，贏得鬥拳之石。你的冒險從這裡開始！', '玩家選擇一個生物，使用魔法卡片，進行鬥拳比賽，贏得冠軍。', '2-6人', '15-20分鐘', 2500, 467, 41, 1, '2023-09-01', '2025-02-12'),
(211, '011.jpeg', '死亡遊戲 Game of Mortality', '艾莉絲·哈珀（Alice Harper）是一位突然得到大量遺產的寡婦。她的丈夫，一位富有的收藏家，意外身亡，留下了一個神秘的遺囑。遺囑中提到了「死亡遊戲」，一場超越生死的詭異競賽。這場遊戲的規則是：參賽者必須在一個古老的莊園中生存下去，找出遊戲的創造者，並打破詛咒。每個參與者都有自己的動機和秘密，而莊園充滿了危險、謎團和不可思議的力量。艾莉絲決定參加這場遊戲，不僅為了解開丈夫的死亡之謎，也是為了尋找自己的目的和意義。她必須在莊園中探索，與其他參與者競爭，並解開遊戲的謎團。但是，每個人都是潛在的兇手，每個線索都是關鍵。在這場生死之間的遊戲中，艾莉絲將面臨極限挑戰，揭示遊戲的真正目的，並找到自己的答案。她的命運與莊園的詭譎之間交織，而她的選擇將決定她的生死。', '生死之間，只有一步之遙！在死亡遊戲中，你將面對極限挑戰，解開神秘謎團，並揭示遊戲的真正目的。你準備好冒險嗎？', '玩家在遊戲中探索，與其他玩家競爭，並解開遊戲的謎團。', '4-8人', '30-45分鐘', 1250, 125, 73, 1, '2023-10-18', '2025-01-07'),
(212, '012.jpeg', '推理之夜 Night of Deduction', '1841年的倫敦，陰霾籠罩著街頭巷尾。即將退休的老警探亨利·福斯特（Henry Foster）在一生中解決了無數謎團，但他的最後一個案件卻是他職業生涯中最棘手的。這次，他被召集到一座古老的莊園，參加了一場名為「推理之夜」的神秘晚宴。莊園主人是一位神秘的富商，名叫阿爾伯特·蒙哥馬利（Albert Montgomery）。蒙哥馬利先生是一位熱愛謎題和謀殺案的收藏家，他邀請了一群天才推理者、神秘學家和犯罪心理學家參加這場晚宴。每個參與者都有自己的動機和秘密，而蒙哥馬利先生的目的只有一個：解開一個看似不可能的謀殺之謎。在這個古老的莊園中，福斯特老警探必須收集線索、訪問其他參與者，並在晚宴上揭示兇手的身份。但是，每個人都是潛在的兇手，每個線索都是關鍵。而時間在不斷流逝，福斯特老警探必須在退休前解開這個謎團，否則這將成為他職業生涯中的一個遺憾。', '進入推理之夜，解開最後的謎團！你是福斯特老警探，面對一群天才推理者，揭示古老莊園中的兇手。每個人都是謎，每個線索都是關鍵。你敢挑戰智力極限，找出真相嗎？', '玩家收集線索，訪問其他參與者，並在晚宴上揭示兇手的身份。', '4-8人', '30-45分鐘', 2200, 426, 13, 1, '2023-11-15', '2025-03-13'),
(213, '013.jpeg', '驚悚列車 Thriller Express', '剛成年的孤兒，艾娃（Eva），正要前往匈牙利尋找她失散多年的父親。她的唯一線索是一封古老的信，其中提到父親曾在一趟名為「驚悚列車」的火車上工作。這列車並非普通的交通工具，而是一個神秘的移動世界。它穿越歷史、文化和超自然的境界，載著各式各樣的乘客：從神秘的旅行者到危險的犯罪份子，每個人都有自己的目的和秘密。艾娃登上了「驚悚列車」，她的心跳加速，因為她知道這是她與父親重逢的唯一機會。但是，這列車並非只是一趟普通的旅程。在其中，她將面對超自然現象、謎團和危險，而每個車廂都是一個新的挑戰。艾娃必須解開列車上的謎團，找到父親，並揭示驚悚列車背後的真相。她的命運與這趟列車緊密相連，而她的選擇將決定她的未來。', '登上驚悚列車，揭開隱藏的秘密！一趟穿越時空的旅程，每個車廂都是一個謎團。你準備好挑戰命運，找到父親嗎？', '玩家在列車上調查，收集線索，與其他乘客互動，並解開失踪之謎。', '4-8人', '20-30分鐘', 1560, 457, 34, 1, '2023-12-01', '2025-05-08'),
(214, '014.jpeg', '克蘇魯的遺產 Cthulhu’s Legacy', '艾莉森·格雷（Allison Gray）是一位年輕的小說家，她的作品以神秘和超自然元素為主題。某天，她在一個寒冷的冬夜中，做了一個奇怪的夢。在這個夢中，她置身於一個古老的神廟，四周是腐朽的雕像和神秘的符號。在夢中，艾莉森遇見了一位神秘的長者，他名為克蘇魯。克蘇魯是一個失落的神祇，被囚禁在地球上的沉沒城市拉萊耶之下。他的存在超越了人類的理解，他的眼睛閃爍著宇宙的秘密。艾莉森醒來時，她感到自己被這個夢境深深吸引。她開始研究克蘇魯神話，追尋這個失落的神秘世界。她的小說開始受到克蘇魯的影響，她的文字中充滿了古老的符號、禁忌的知識和不可名狀的恐怖。艾莉森的小說逐漸引起了讀者的注意，但同時也引來了危險。她的作品似乎喚醒了克蘇魯，而他的遺產開始影響現實世界。艾莉森必須解開克蘇魯的謎團，找到真相，並保護自己和她所愛的人。', '探索克蘇魯的遺產，揭示失落的神秘！艾莉森的筆下，文字中流淌著古老的力量，禁忌的知識和不可名狀的恐怖。你準備好追尋克蘇魯的足跡，還是被他的遺產所吞噬？', '玩家探索遺產，解開謎題，收集日記頁面，並避免瘋狂的影響。', '2-4人', '15-30分鐘', 1780, 913, 46, 1, '2024-01-17', '2025-07-08'),
(215, '015.jpeg', '靈異審判 Spectral Tribunal', '在一個被詛咒的小鎮上，靈異現象層出不窮。你是一位靈媒，被召集到一座古老的法庭，解決靈魂的紛爭。每個案件都涉及詭異的事件和不可思議的證據。這座法庭位於一座荒廢的教堂，其木質長椅上仍殘留著靈魂的氣息，而法官則是一位神秘的長者，他的眼睛能洞察靈魂的真相。', '解開靈魂之謎，揭示詭譎真相！成為靈異審判的探索者，與幽靈對話，收集證據，並在法庭上辯論。你的判決將影響靈魂的命運。準備好面對超自然的挑戰嗎？”', '玩家扮演靈媒，收集證據，與靈魂溝通，並在法庭上辯論。目標是找出真相，平息靈魂的怨恨。', '4-8人', '60-90分鐘', 2250, 777, 12, 1, '2024-06-10', '2025-07-17'),
(216, '016.jpeg', '貓頭鷹與矮人的傳說 The Legend of Owls and Dwarves', '在遙遠的魔法王國中，矮人們擁有豐富的礦藏，而貓頭鷹則是智慧的象徵，守護著古老的魔法知識。王國中的魔法師們致力於保持世界的平衡，但最近，神秘的黑暗勢力開始蠢蠢欲動，試圖奪取魔法的力量。為了保護王國，貓頭鷹、矮人和魔法師們必須攜手合作，通過一系列挑戰來阻止黑暗勢力的侵襲。', '在遙遠的魔法王國中，矮人、貓頭鷹和魔法師們聯手對抗神秘的黑暗勢力。矮人擁有珍貴的礦藏，貓頭鷹守護古老魔法，魔法師則維持世界平衡。玩家需合作解決挑戰，保護王國免受侵襲。', '玩家需協作完成挑戰，使用各自角色的特殊能力，阻止黑暗勢力。每回合選擇行動，解決隨機事件，成功保護王國。\n\n', '2-6人', '45-60分鐘', 2600, 262, 24, 1, '2024-09-12', '2025-05-06'),
(217, '017.jpeg', '奔馳大草原Savanna Sprint', '在非洲大草原上，動物們每年都會舉辦一場盛大的賽跑比賽，以決定誰是最快的動物。這次的比賽吸引了來自四面八方的參賽者，包括獅子、羚羊、斑馬、大象等。每位選手都有自己的特長和策略，目標是利用智慧和速度在充滿挑戰的賽道上脫穎而出，成為年度冠軍。', '《奔馳大草原》是一場盛大的動物賽跑競賽，比賽在非洲大草原上展開。來自獅子、羚羊、斑馬和大象等不同動物的參賽者將展開激烈的角逐。每位選手憑藉獨特的特長和策略，在充滿挑戰的賽道上爭奪年度冠軍，挑戰智慧與速度的極限。', '玩家選擇動物參賽，通過使用特長技能和策略，克服賽道上的障礙，爭取最快完成比賽，贏得冠軍。\n\n', '2-6人', '30-45分鐘', 2400, 254, 23, 1, '2024-03-06', '2025-08-14'),
(218, '018.jpeg', '黑暗陰謀 Dark Conspiracy', '在工業革命時代的倫敦，黑暗的街道和煙霧瀰漫的天空下，殺手們正在策劃一連串駭人的事件。每一個謀殺案背後都有複雜的陰謀與計劃，而目擊者們則在恐懼中掙扎，警察在迷霧中艱難追捕。玩家需要在這個危險的城市中，扮演不同的角色，解開謎團或實施完美的犯罪，利用智慧和策略來達成各自的目標。', '《黑暗陰謀》帶領玩家進入工業革命時代的倫敦，一座充滿煙霧與危險的城市。玩家扮演不同角色，無論是偵探還是罪犯，都必須在黑暗中運籌帷幄，解開複雜的謀殺陰謀或實施完美犯罪。利用智慧與策略，揭開層層迷霧，達成各自的目標。', '選擇角色，透過調查與推理解開謎團或執行犯罪計劃。每回合玩家可進行探索、行動或合作。完成目標或揭示真相者勝出。', '2-5人', '30-45分鐘', 2320, 766, 21, 1, '2024-01-30', '2025-07-02'),
(219, '019.jpeg', '海嘯求生 Tsunami Survival', '在菲律賓的美麗沙灘上，遊客們正享受著陽光和海浪，突然間，一場巨大海嘯即將來襲。玩家們需要在這個驚心動魄的危機中，快速反應並協同合作，利用有限的資源和智慧來逃離險境，保護自己和他人。每個決策都關係到生死存亡，只有最機智和團結的團隊才能存活下來。', '在菲律賓的美麗沙灘上，突然來襲的巨大海嘯打破了寧靜。玩家需在這場生死考驗中快速反應，協作利用有限資源逃脫險境。每個決策至關重要，只有最機智和團結的團隊才能生存下來。', '玩家需在限時內協作尋找資源，做出決策以躲避海嘯，保護自己及隊友。\n\n', '3-6人', '30-45分鐘', 1770, 12, 12, 1, '2024-05-23', '2025-08-13'),
(220, '020.jpeg', '冰雪求生Snowbound Survival', '在俄國的偏遠內陸，一群旅人被困在大雪紛飛的冬夜裡。他們找到了一間破舊的小木屋，躲避寒冷。然而，他們很快發現，這裡不僅是嚴寒的避難所，還有一個神秘的兇手潛伏其中。玩家們必須在這個嚴苛的環境中，克服恐懼，彼此合作，尋找資源，揭開兇手的真面目，並設法生存下去。', ' 在俄國的偏遠內陸，暴雪封鎖了所有道路，一群旅人被困在寒冷的冬夜中。他們找到了一間破舊的小木屋，卻發現這裡藏著神秘兇手。在這個極端的環境下，玩家們必須克服恐懼，合作尋找資源，揭示兇手，並設法生存。\n\n', '玩家合作尋找資源，揭示兇手身份。每回合面對隨機挑戰，生存與揭露並重。', '3-6人', '45-60分鐘', 2420, 125, 23, 1, '2023-10-15', '2024-12-15'),
(221, '021.jpeg', '影像獵手 Image Hunter', '在一個充滿神秘和幻想的世界裡，擁有神奇力量的畫師們被召集到一場大賽。這些畫師們擁有將夢想變為現實的能力，每個畫作都隱藏著奇妙的秘密和線索。參賽者必須在有限的時間內揣摩並猜測畫師們的創作意圖，揭示每幅畫作背後的故事和秘密。這場比賽不僅是技巧的挑戰，更是一場智慧和創意的比拼，參賽者們需要敏銳的觀察力和豐富的想像力來獲得勝利。', '在《影像獵手》中，玩家進入一個充滿神秘和幻想的世界，與擁有神奇力量的畫師們競技。這些畫師們的每幅畫作都隱藏著奇妙的秘密和線索。參賽者必須揣摩畫作的創作意圖，揭示背後的故事和秘密。這是一場技巧、智慧與創意的比拼，挑戰玩家的觀察力和想像力。\n\n', '在限定時間內，解讀畫師的意圖，猜測每幅畫作的隱藏故事和秘密。正確揭示越多，獲勝機會越大。\n\n', '4-8人', '30-45分鐘', 1510, 522, 43, 1, '2023-10-01', '2025-03-01'),
(222, '022.jpeg', '夜幕追蹤 Nightfall Pursuit', '在一個黑暗的都市裡，燈光稀少，巷弄深邃，流竄著秘密與謊言。這個城市名為「夜城」，它以冷酷而神秘的聲名著稱。一天晚上，城市裡的一位重要人物被神秘刺殺。警方立即展開調查，但案件充滿複雜的線索和錯綜的關係。你們將化身成為秘密調查小組的成員，試圖揭開真相。在這個充滿懸疑與驚險的城市裡，每個角落都可能藏著關鍵線索，每個人都有可能是凶手。你們需要協作解密、收集證據，並在黑暗中找出真正的罪犯。', '在黑暗的「夜城」裡，重要人物被神秘刺殺。作為秘密調查小組成員，你們需要在燈光稀少的城市中解開複雜的線索，揭露真相。每個角落都可能藏著關鍵證據，每個人都有可能是凶手。協作解密，找出真正的罪犯！\n\n', '合作搜集證據，分析線索，推理每位嫌疑人的動機。最先找到凶手的小組獲勝。', '4-8人', '15-20分鐘', 1920, 433, 23, 1, '2024-01-15', '2024-12-15'),
(223, '023.jpeg', '神秘領域 Mystic Realms', '在充滿古老魔法和隱藏秘密的埃爾多里亞神秘土地上，兩個對立的派系爭奪控制權。光明使者，正義的捍衛者，試圖保護這片領域免受黑暗的侵襲。而另一方面，黑暗教徒則希望將埃爾多里亞陷入混亂與絕望。隨著夕陽西下，陰影漸長，英雄和惡徒在暗中策劃，意圖扭轉力量的平衡。玩家們將扮演這場史詩鬥爭中的重要人物，揭開隱藏的身份，收集線索，並嘗試完成各自的秘密目標。', '在古老魔法和隱藏秘密的埃爾多里亞，光明使者與黑暗教徒激戰正酣。隨著夕陽西下，陰影加深，英雄與惡徒在暗中策劃，爭奪領域的控制權。玩家將扮演這場史詩鬥爭中的關鍵角色，揭示身份，收集線索，實現各自的秘密目標。', '玩家扮演不同角色，根據身份收集線索，完成秘密目標，並試圖揭露敵方身份。遊戲結束時，根據各自的目標決定勝利者。', '5-10人', '20-30分鐘', 2330, 466, 43, 1, '2023-10-01', '2024-12-01'),
(224, '024.jpeg', '神秘的幻影 Mystic Phantom', '在一個古老的神秘王國裡，隱藏著一個巨大的寶藏。傳說中，只有最聰明的冒險者才能揭開寶藏的秘密。每個玩家都是一名勇敢的探險家，他們必須解開古老的謎語、避開陷阱並找到線索。這些線索會讓他們更加接近寶藏，但他們還要小心其他玩家的干擾，因為他們的目標也是找到寶藏。', '在古老的神秘王國《神秘的幻影》中，隱藏著巨大的寶藏。傳說中，只有最聰明的冒險者能揭開寶藏的秘密。每位玩家將扮演勇敢的探險家，解開古老謎語、避開陷阱，並尋找線索。小心其他玩家的干擾，他們同樣也在追尋寶藏！', '解謎、避陷阱、尋找線索，並同時防範其他玩家。最先找到寶藏者獲勝。', '3-6人', '30-45分鐘', 1200, 477, 21, 1, '2023-11-01', '2025-01-01'),
(225, '025.jpeg', '瑰麗群島 Isles of Speverdor', '在遙遠的海洋深處，有一個神秘的群島——瑰麗群島。這片群島曾經是古代文明的繁華之地，如今卻被遺忘在歷史的塵埃中。島上擁有豐富的資源和神秘的遺跡，吸引了眾多探險家和商人前來尋找財寶和榮耀。你作為其中的一員，需要在這片荒蕪而富饒的土地上建設你的城市，交易資源，並爭奪島嶼上的控制權。利用策略和智慧，發展你的文明，成為群島上的霸主。', '在遙遠的海洋中，瑰麗群島曾經繁華如昔，現今卻是探險者的天堂。你將在這片充滿神秘遺跡和豐富資源的土地上建立自己的城市，進行交易，爭奪島嶼的控制權。利用策略和智慧，發展你的文明，成為群島上的霸主！', '建設城市、交易資源、爭奪控制權，使用策略和智慧發展文明，成為霸主。', '3-4人', '60-75分鐘', 2490, 488, 21, 1, '2024-02-01', '2025-06-01'),
(226, '026.jpeg', ' 古城遺跡 Ruins of the Ancient City', '在遙遠的古代，這片大地曾經擁有著輝煌的文明，雄偉的城市遺跡散落在各個角落。你是來自不同部落的探險家，為了尋找隱藏在廢墟中的珍貴寶藏與古代知識，你必須建造道路、重建城牆，並與其他探險家競爭，擴展你的勢力範圍。每一步都充滿著危險與機遇，只有最具智慧與策略的探險家才能最終掌握這片古老之地的秘密。', '在《古城遺跡》中，你和其他部落的探險家們將探索散落在古老文明中的城市遺跡。建設道路、重建城牆，並與對手競爭，尋找隱藏的寶藏與古代知識。每一步都充滿挑戰，智慧與策略是成功的關鍵。\n\n', '建造道路和城牆，探索遺跡。競爭對手以擴展勢力範圍，找到寶藏和古代知識，最終掌握古老秘密。\n\n', '2-5人', '45-60分鐘', 2790, 254, 22, 1, '2024-01-15', '2025-11-30'),
(227, '027.jpeg', '叛徒沙蟲Traitor SandWorms', '在一片廣袤的沙漠中，各種沙蟲為了爭奪生存資源展開了激烈的競爭。每個沙蟲都在暗中使計，企圖在這片荒涼的世界中成為最後的贏家。然而，沙漠中的沙塵暴、突如其來的獵手以及來自同伴的背叛，使得生存變得更加艱難。只有最狡猾、最機智的沙蟲才能在這場生存遊戲中脫穎而出，成為沙漠中的霸主。', ' 在廣袤的沙漠中，沙蟲們為了生存資源展開激烈競爭。每隻沙蟲都暗中使計，謀求成為最後的贏家。然而，沙塵暴、突如其來的獵手和同伴的背叛讓生存變得更為艱難。只有最狡猾、最智慧的沙蟲才能在這場生存遊戲中脫穎而出，成為沙漠霸主。', '沙蟲利用策略和智慧對抗沙塵暴、獵手和背叛。通過暗中行動和資源爭奪，爭取成為最後的贏家。', '3-6人', '30-45分鐘', 2550, 142, 53, 1, '2024-02-15', '2025-01-15'),
(228, '028.jpeg', '風雲英雄傳 Heroes of Tempest', '在一個群雄逐鹿的亂世，各方英雄割據一方，爭奪天下霸權。每個勢力都有其獨特的風格與目標，有的追求統一天下，有的則在暗中策劃自己的陰謀。玩家們將扮演這些勢力中的英雄，運用計謀、聯盟、戰鬥，來達成各自的目標。誰能在這場風雲變幻的爭霸中脫穎而出，成為真正的霸主，還看誰能掌握機會，洞察對手的弱點。', '在《風雲英雄傳》中，玩家將身處於風雲變幻的亂世，各方英雄爭奪霸權。每個勢力擁有獨特風格和目標，有的尋求統一天下，有的暗中策劃陰謀。玩家需運用計謀、建立聯盟、參與戰鬥，洞察對手弱點，爭取成為最終霸主。', '玩家選擇一個勢力，運用策略和計謀，建立聯盟，參與戰鬥，達成勢力目標。利用情報和機會，打敗對手，爭奪霸權。\n\n', '2-10人', '30-45分鐘', 2440, 177, 41, 1, '2024-05-01', '2025-06-01'),
(229, '029.jpeg', '荒野決鬥 Wild West Duel', '在廣袤的西部荒野，一座小鎮成了正義與邪惡勢力的戰場。鎮長致力於維持和平，但鎮上隱藏著無數身份不明的賞金獵人與土匪，他們各懷鬼胎。每個人都可能是朋友，也可能是敵人。誰會在這場生死決鬥中取得最後的勝利？在這個充滿危機的世界中，信任與背叛之間僅有一線之隔。', '在廣袤的西部荒野，一座小鎮成了正義與邪惡勢力的戰場。鎮長致力於維持和平，但鎮上隱藏著無數身份不明的賞金獵人與土匪，每個人都可能是朋友或敵人。信任與背叛之間僅有一線之隔，你能在這場生死決鬥中取得勝利嗎？', '玩家扮演小鎮中的角色，通過策略與判斷進行生死對決。每回合選擇行動，最終目標是找出敵人或達成隱藏目標。', '4-7人', '30-45分鐘', 1790, 644, 73, 1, '2023-09-01', '2025-02-12'),
(230, '030.jpeg', '命運之巔 Peak of Destiny', '在一個神秘的世界裡，有一座傳說中的高塔——命運之巔。每個世代，來自各地的勇者們都被這座高塔的傳說所吸引，前來挑戰它，爭奪永恆榮耀。高塔的每一層都充滿了未知的危險和無數的選擇，每一步都可能改變勇者的命運。勇者們必須在驚險與誘惑之間做出抉擇，只有最具智慧和膽識者才能登頂，掌握命運的力量。', '在《命運之巔》中，勇者們挑戰神秘高塔，爭奪永恆榮耀。塔內每層充滿危險與選擇，每一步都可能改變命運。只有最具智慧與膽識的勇者才能登頂，掌握命運的力量。', '勇者們輪流選擇行動，應對挑戰與陷阱。每層都有隨機事件，決策將影響後續遊戲。登頂者即為勝利者。', '2-4人', '20-40分鐘', 1760, 455, 13, 1, '2023-10-18', '2025-01-07'),
(231, '031.jpeg', '迷霧萌迷宮 Misty Maze of Cuteness', '在一片充滿魔法與歡樂的世界裡，有一座充滿神秘與驚喜的迷霧萌迷宮。迷宮裡住著許多可愛的小精靈和奇幻的生物，他們愛玩捉迷藏遊戲，藏在迷宮中的各個角落。玩家將扮演勇敢的萌冒險家，使用魔法磁石來尋找這些頑皮的小夥伴們，收集可愛的寶物。在這場充滿歡笑的冒險中，誰能最快找到所有寶物，成為迷宮之王呢？', '在迷霧萌迷宮中，玩家進入一個充滿魔法與歡樂的迷宮，與可愛的小精靈和奇幻生物一起探索。使用魔法磁石尋找隱藏的寶物和小夥伴，體驗充滿驚喜的冒險。誰能最快找到所有寶物，成為迷宮之王呢？', '使用魔法磁石尋找迷宮中的寶物和小精靈，收集所有寶物即可贏得比賽。\n\n', '2-4人', '30-45分鐘', 1740, 733, 12, 1, '2023-11-15', '2025-03-13'),
(232, '032.jpeg', '京都商道 Kyoto Commerce', '在古老的京都，作為一名精明的商人，你的目標是通過在繁忙的市場中交易稀有商品來獲取財富。你需要運用智慧和策略，在競爭激烈的市場中與其他商人競爭，利用不同的地點來最大化你的收益。各個地點充滿了機會與挑戰，而你的選擇將決定你能否成為京都最富有的商人。', '《京都商道》帶你回到古老的京都，扮演一位精明的商人。通過在繁忙的市場中交易稀有商品，你需要運用智慧和策略，在激烈的競爭中脫穎而出。選擇不同的地點以最大化收益，最終成為京都最富有的商人。', '在市場中選擇地點進行交易，利用資源和策略擊敗對手。每個地點提供不同的機會與挑戰，最大化收益即可獲勝。', '2-5人', '20-30分鐘', 1440, 888, 23, 1, '2023-12-01', '2025-05-08'),
(233, '033.jpeg', '泡菜航運 Kimchi Shipping', '在韓國繁忙的港口城市釜山，泡菜貿易已經成為當地經濟的支柱。商人們爭相在全球市場上輸出最好的泡菜，從釜山的港口起航，他們將經歷激烈的競爭與風險，以獲取最大收益。玩家們扮演不同的商人，進行泡菜貿易、船運投資及風險管理。每個回合，你需要在貨船起航前做出戰略決策，預測市場走向、評估風險、並在必要時進行膽大的投機，才能成為最富有的泡菜大亨。', '在韓國釜山，泡菜貿易成為經濟支柱。玩家扮演商人，進行泡菜貿易、船運投資及風險管理。每回合，需在貨船起航前做出戰略決策，預測市場走向，評估風險並進行投機。成為最富有的泡菜大亨吧！', '每回合決策貿易策略、投資船運和風險管理。預測市場走向並適時進行投機，最大化收益。\n\n', ' 3-5人', '15-30分鐘', 1350, 111, 43, 1, '2024-01-17', '2025-07-08'),
(234, '034.jpeg', '迷霧之城 City of Mist', '在20世紀初的洛杉磯，夜晚的迷霧籠罩著這座城市。隱藏在陰影中的神秘勢力爭奪城市的控制權。你必須招募形形色色的角色，從腐敗的警察到神秘的巫師，在這座充滿恐怖與陰謀的城市中生存下來，並最終成為這座迷霧之城的主宰。', '在20世紀初的洛杉磯，夜晚的迷霧覆蓋了整座城市，隱藏著各種神秘勢力。你將面對腐敗的警察、神秘的巫師等各種角色，策劃陰謀並招募盟友。你的目標是在這座充滿恐怖與陰謀的城市中生存，最終成為迷霧之城的主宰。', '招募角色、收集情報、策劃陰謀，利用策略和聯盟在城市中生存並奪取控制權。', '2-8人', '30-45分鐘', 1700, 222, 23, 1, '2024-06-10', '2025-07-17'),
(235, '035.jpeg', '台灣電力奇幻之旅 Taiwan\'s Magical Power Journey', '在台灣這片充滿生機的島嶼上，玩家們將肩負起電力供應的重任。遊戲中，你將化身為電力公司經理，帶領團隊開發新的能源來源，並在可愛的動物們幫助下，將電力輸送到全台各地。這不僅是一次商業競賽，更是一次與家人同樂的奇幻之旅。', '在台灣這片充滿生機的島嶼上，玩家們化身電力公司經理，開發新能源並將電力送至全台各地。與可愛動物合作，這場商業競賽不僅考驗策略，也充滿奇幻的家庭樂趣。', '玩家需開發能源，管理電力公司，並用動物幫助將電力送到各地，最終以最有效率的方式獲勝。\n', '2-6人', '20-30分鐘', 1600, 333, 43, 1, '2024-09-12', '2025-05-06'),
(236, '036.jpeg', '智慧之路 Path of Wisdom', '西元800年，印度迎來了知識與創新的黃金時代。古老的城市裡，學者、藥師與占星家們齊聚一堂，競相研究神秘的藥方與預言之術。玩家將扮演這些智者之一，通過蒐集稀有的草藥與珍貴的材料，研製出最強的智慧藥水。每個決策都至關重要，唯有聰明的策略才能在這場智力競賽中脫穎而出。', '在西元800年的印度黃金時代，學者、藥師與占星家齊聚一堂，研究神秘的藥方與預言術。在《智慧之路》中，玩家將扮演這些智者之一，蒐集稀有草藥和珍貴材料，研製出最強的智慧藥水。每個決策至關重要，唯有智慧與策略才能在這場智力競賽中脫穎而出。', '蒐集草藥與材料，研製智慧藥水。每個決策都會影響最終結果，策略為王。\n\n', '2-4人', '20-30分鐘', 1500, 444, 21, 1, '2024-03-06', '2025-08-14'),
(237, '037.jpeg', '泰國奇幻家園 Thai Fantasy Homestead', '在一個充滿奇幻與魔法的泰國世界中，各個家庭競爭著創建最具魅力的家園。玩家扮演的家庭需要利用泰國特有的資源、傳統手工藝和動物夥伴，建造出充滿可愛元素的家園，並爭奪“最佳家園”的榮譽。', '在充滿奇幻與魔法的泰國世界中，玩家將扮演不同家庭，利用泰國獨特的資源、傳統手工藝和動物夥伴，打造最具魅力的家園。通過精心設計和裝飾，爭取獲得“最佳家園”的榮譽，讓你的家園在眾多競爭者中脫穎而出。', '玩家利用資源建造家園，裝飾並展示獨特風格。每回合後，評審選出最佳家園。創造力和策略將決定最終勝利者。\n\n', '2-5人', '20-30分鐘', 2800, 555, 21, 1, '2024-01-30', '2025-07-02'),
(238, '038.jpeg', '英倫航程Britannia\'s Voyage', '在19世紀的冷峻英國，玩家將扮演航海家，穿越浩瀚的海洋，進行貿易和探險。面對未知的挑戰，他們需要運用智慧和策略，在航行中擴展影響力，尋找珍貴資源和貿易機會，打造屬於自己的航海傳奇。', '在19世紀的冷峻英國，玩家將扮演航海家，駕駛船艦穿越浩瀚的海洋。面對未知的挑戰和危險，他們需要運用智慧和策略進行貿易和探險，尋找珍貴資源和貿易機會。玩家將擴展自己的影響力，建立屬於自己的航海傳奇，成為歷史上的偉大航海家。\n\n', '玩家在遊戲中進行貿易和探險，通過完成任務和解決挑戰來獲取資源。策略性地擴展影響力和管理資源是獲勝的關鍵。最終目標是建立自己的航海傳奇。', '2-4人', '30-45分鐘', 2200, 666, 22, 1, '2024-05-23', '2025-08-13'),
(239, '039.jpeg', '野地拼圖 Wilds cape Puzzle', '在廣闊的野地中，你是一名生態設計師，受託打造一片理想的棲息地。你需要將森林、草原、河流等地貌巧妙地組合，吸引不同的動物來棲息。隨著季節的變遷，你必須適應環境的變化，創造最適合野生動物的家園。', '《野地拼圖》是一款策略拼圖遊戲，玩家需要透過放置地形卡牌，來建造和諧的自然棲息地。每位玩家都會從不同的地貌和動物卡牌中進行選擇，目標是建立能吸引最多動物的區域，並依照不同動物的需求獲得分數。', '依序選擇地形卡和動物卡，建構棲息地並獲得分數，遊戲結束時，分數最高者勝。', '1-4人', '30-60 分鐘', 2700, 532, 53, 1, '2023-10-15', '2024-12-15'),
(240, '040.jpeg', '明治武士之道 The Way of the Meiji Samurai', '在日本明治時期，武士道正面臨著前所未有的挑戰。舊時代的武士們必須適應迅速現代化的社會，同時保持他們的榮譽與傳統。玩家將扮演一群武士，他們必須面對來自各種文化和價值觀的挑戰，並在新舊之間尋找平衡。', '玩家將根據主題卡片，依次提出解決方案，然後按照其創意度或合理性進行排名。每一回合，玩家必須選擇一個與主題相關的武士行動，從而在保護家族榮譽的同時，適應變化的時代。隨著遊戲進行，挑戰將越來越困難。', '每回合選擇行動，並根據創意度或合理性進行排名。得分最高的玩家獲勝。', ' 3-8人', '60-90分鐘\n', 2760, 256, 41, 1, '2023-10-01', '2025-03-01'),
(241, '041.jpeg', '亞馬遜守護者 Guardians of the Amazon', '在遙遠的原始時代，亞馬遜叢林孕育著無數的生命。然而，一股神秘的力量開始威脅這片豐饒的土地。作為叢林的守護者，你必須與其他部落首領聯手，運用大自然的力量來保護亞馬遜，使叢林重回和平與繁榮。\n\n', '亞馬遜守護者是一款融合了戰略與運氣的桌上遊戲。玩家將收集資源、召喚動植物夥伴，並運用特殊能力來對抗破壞叢林的邪惡勢力。透過合作與競爭，誰能最終成為守護叢林的英雄？', '玩家輪流進行行動，收集資源並召喚動植物。首位成功完成三個保護任務的玩家獲勝。', '2-4人', '30-45分鐘\n\n', 2790, 146, 73, 1, '2024-01-15', '2024-12-15'),
(242, '042.jpeg', '暗影之塔 Shadow Tower', '在中世紀的壯麗王國中，傳說中的暗影之塔隱藏著無盡的寶藏與強大的魔法。眾多冒險者、盜賊、與巫師前來一探究竟，希望能夠奪取其中的力量。然而，暗影之塔內部危機四伏，只有最勇敢和最狡詐的冒險者能夠生還並帶著寶藏離開。', '玩家將組成一支由騎士、巫師、盜賊等組成的冒險隊伍，探索暗影之塔的神秘迷宮。每一層塔樓都充滿了危險與謎團，只有合作與策略才能使玩家生還並完成最終的挑戰。', '玩家輪流進行角色扮演，探索迷宮，並與敵人戰鬥，直到完成目標或全隊覆滅。', '4-6人', '60-90分鐘', 1850, 227, 13, 1, '2023-10-01', '2024-12-01'),
(243, '043.jpeg', '台灣魔法學院 Taiwan Magic Academy', '21世紀的台灣，魔法與科技並存。在這片充滿神秘力量的土地上，隱藏著一所古老的魔法學院，教授學生如何將傳統魔法與現代科技相結合。作為新生，你將接受挑戰，學習強大的魔法，並競爭成為學院最強大的巫師。', '玩家們扮演台灣魔法學院的學生，透過策略性地使用魔法資源和科技裝置，來提升自己的魔法力量。每個回合都充滿著變數和驚喜，因為魔法的力量無法完全掌控。最終目標是成為學院的巫師之王。', '玩家需在回合內收集魔法資源並運用現代科技，最先完成任務的玩家獲勝。', '2-4人', '30-45分鐘\n\n', 1500, 137, 12, 1, '2023-11-01', '2025-01-01'),
(244, '044.jpeg', '英格蘭可愛工廠 England Cute Factory', '在19世紀工業革命時期的英國，一群可愛的動物被引入工廠來幫助生產。他們各自擁有特殊的技能，必須協力合作，完成各種生產任務，以保住自己的家園免受工業化的影響。', '玩家扮演這些動物的領導者，負責分配工作並確保生產線的順利運作。玩家需要善用每隻動物的技能，同時避免過度壓榨他們，才能在競爭中取得優勢，最終成為最成功的工廠。\n', '玩家分配動物進行生產，並收集資源完成目標。分配不當會導致生產線混亂，失去積分。', '2-4人', '30-45分鐘', 1200, 833, 23, 1, '2024-02-01', '2025-06-01'),
(245, '045.jpeg', '偶像摘星之旅 Idol Star Harvest\n', '在韓國的濟州島上，偶像團體們為了成為最耀眼的明星，開始了一場別開生面的競賽。他們必須在濟州島的美麗風景中，挑戰摘取代表星星的果實，以象徵他們的成功與榮耀。這場競賽將考驗他們的平衡能力和團隊合作精神。', '玩家將扮演韓國偶像團體的成員，在濟州島上進行摘星比賽。每位玩家需要小心翼翼地將星星果實從樹上摘下，避免果樹失去平衡而倒塌。最終，能夠成功摘取最多星星的玩家將贏得比賽，並成為最耀眼的偶像團體。', '輪流從樹上摘取果實，避免樹倒塌。摘取最多果實且不讓樹倒塌的玩家獲勝。\n', '2-4人', '20-30分鐘\n\n', 1600, 455, 43, 1, '2024-01-15', '2025-11-30'),
(246, '046.jpeg', 'K-偶像樂園 K-Idol Paradise', '在首爾最時尚的街區，一家以韓國偶像團體為主題的咖啡館開幕。來自全球的粉絲蜂擁而至，想要與偶像們近距離接觸。玩家將經營這家咖啡館，安排不同偶像與粉絲的互動，並確保每個客人都能滿意而歸。', '在《K-偶像樂園》中，玩家需精心安排韓國偶像團體的成員與來自各地的粉絲互動。每個偶像與粉絲有不同的偏好，玩家需要巧妙安排座位，以最大化粉絲的滿意度。遊戲需要策略與運氣，是一個考驗玩家眼光的社交管理遊戲。', '玩家需安排偶像與粉絲在咖啡館中互動，以獲得最高分數。座位的分配和配對將影響最終得分', '2-4人', '30-60分鐘\n\n', 1800, 431, 23, 1, '2024-02-15', '2025-01-15'),
(247, '047.jpeg', '台灣偶像種田 Taiwan Idol Farmers', '在台灣的一個農村裡，偶像團體為了支持自己的音樂事業，開始種植農作物。他們在田間忙碌，種植不同種類的作物，希望在收穫季節賣出好價錢來籌措經費。不僅要顧好自己的田地，還要與其他團體合作或競爭，看看誰能成為農場界的偶像！\n', '偶像種田是一款輕鬆有趣的卡牌遊戲，玩家需要通過種植不同種類的作物來賺取金幣，並利用偶像魅力與其他玩家交易或合作。隨著遊戲的進行，玩家可以選擇擴大農場或提升偶像團體的影響力，最終成為台灣最成功的偶像農夫。', '玩家需按順序種植卡片上的作物並進行交易，目標是賺取最多的金幣。\n', '3-7人', '30-60分鐘', 1850, 1000, 43, 1, '2024-05-01', '2025-06-01'),
(248, '048.jpeg', '經濟騰飛：台灣1980 Economic Boom: Taiwan 1980', '1980年代的台灣，正處於經濟起飛的關鍵時期，工業化、科技創新和全球貿易帶來了前所未有的發展機會。玩家們將扮演企業家，抓住這個時代的機遇，發展自己的企業王國，在競爭中脫穎而出，成為經濟騰飛的領航者。', '玩家可選擇不同的經濟模組（如製造業、科技業、金融業等），自由組合成各種可能的遊戲場景。每局遊戲的目標和策略都會隨模組選擇而變化，挑戰玩家的決策能力和適應性。玩家必須在有限的資源和時間內，做出最有利的經營決策，以達成自己的企業目標。', '玩家組合三個模組來創建遊戲場景，通過經營策略來達成各自目標，獲得最高分者勝利。', '2-4人', '30-60分鐘', 2200, 788, 21, 1, '2023-09-01', '2025-02-12'),
(249, '049.jpeg', '印度智慧計算 India Wisdom Calculation', '在西元前的古印度，一位數學家正致力於破解數字的奧秘。這位數學家相信，數字不僅僅是計算的工具，它們還蘊含著宇宙的奧義。玩家們將扮演數學家的門徒，通過巧妙的計算和邏輯推理，來揭開這些隱藏的秘密。', '在《智慧計算》中，玩家們需要通過手上的數字牌進行計算，達成目標數字。每回合玩家可以選擇加、減、乘、除，或是運用更高深的數學技巧，來改變手牌的數值。這款遊戲不僅考驗玩家的計算能力，還需要運用策略來超越對手。', '玩家輪流出牌，並計算目標數字，先達成目標數字者獲勝。', '2-6人', '45-60分鐘', 2750, 642, 21, 1, '2023-10-18', '2025-01-07'),
(250, '050.jpeg', '中世紀酒館妙廚 Medieval Tavern Masterchef', '在法國中世紀的一家古老酒館裡，各位廚師正忙於準備一場盛大的饗宴。這不是普通的晚餐，而是為了吸引來自四方的貴族與冒險者。每位廚師都需要運用自己的技巧，精心準備一道道美味佳肴，並爭取成為今晚最受歡迎的妙廚。', '《中世紀酒館妙廚》是一款充滿歡樂與挑戰的遊戲。玩家扮演中世紀法國酒館的廚師，競相烹飪最美味的菜餚。通過選擇食材、控制火候以及使用獨特的烹飪技巧，來完成一道道美味佳餚。只有最具創意與技巧的廚師才能贏得最高榮譽。', '每位玩家在回合中選擇食材並控制火候，先完成三道完美菜餚的玩家獲勝。', '2-4人', '60-120分鐘', 2500, 233, 22, 1, '2023-11-15', '2025-03-13'),
(251, '051.jpeg', '冰封智謀 Frozen Strategy', '在加拿大北部寒冷的荒野中，智慧是生存的唯一武器。冰封的世界中，資源稀缺，只有那些能夠巧妙運用策略和智慧的人才能在這片冰天雪地中生存。玩家們將扮演北極探險家，利用智慧和計謀來競爭，爭奪有限的資源。', '《冰封智謀》是一款考驗玩家智慧和策略的桌遊。玩家們需要在每輪中出牌，透過精心策劃的策略來壓制對手並搶奪他們的資源。最終，擁有最多資源的玩家將成為這片寒冷荒野中的智者。\n', '玩家每輪出牌，對手出更高點數牌可搶奪牌組，最終計算資源最多者獲勝。', '3-6人', '30-45分鐘', 2560, 211, 53, 1, '2023-12-01', '2025-05-08'),
(252, '052.jpeg', '番茄派對 Tomato Party', '在美國一個充滿可愛動物的農場，所有動物們都愛上了種植番茄。每天，動物們會舉辦一場有趣的番茄派對，彼此競爭看誰能收集最多的番茄。但是，隨著派對越來越熱鬧，番茄變得越來越難以找到，大家都必須依靠他們的智慧來贏得比賽。', '玩家們在這個充滿趣味的遊戲中，扮演農場裡的小動物，試圖收集盡可能多的番茄卡片。每個回合都要記住不同卡片的位置，並在合適的時候出手。這款遊戲考驗玩家的記憶力和策略，適合家庭和朋友一起享受。', '記住卡片位置，並在回合中選擇正確的卡片來獲得番茄，先收集到最多番茄的玩家獲勝。', '2-6人', '30-45分鐘\n\n', 2430, 255, 41, 1, '2024-01-17', '2025-07-08'),
(253, '053.jpeg', '植物寶寶大挑戰 Plant Baby Challenge', '在神秘的日本花園裡，植物寶寶們正在舉行一場可愛的疊疊樂比賽。他們希望通過這場比賽來證明自己是最靈巧、最能堆疊的植物寶寶。快來參加這場充滿挑戰與樂趣的植物疊疊樂比賽吧！', ' 在《植物寶寶大挑戰》中，玩家需要小心地將不同形狀的植物寶寶疊在一起，避免讓塔倒塌。每當你成功疊起一層，就能獲得分數。這個遊戲考驗玩家的穩定性和創造力，讓每個回合都充滿驚喜！', '玩家輪流選擇一個植物寶寶，將其小心地放置在塔上。如果塔倒塌，該玩家即輸。成功完成一層可得分。', '2-4人', '15-30分鐘', 2530, 266, 73, 1, '2024-06-10', '2025-07-17'),
(254, '054.jpeg', '動漫戰士：命運之戰 Anime Warriors: Battle of Fate', '在神秘的動漫世界中，邪惡的黑暗領主威脅著和平的秩序。作為勇敢的動漫戰士，你們必須攜手合作，阻止黑暗領主的陰謀，拯救世界免於毀滅。每位戰士都有獨特的技能和能力，只有通過策略與合作，才能戰勝黑暗力量。', '《動漫戰士：命運之戰》是一款熱血的桌上角色扮演遊戲。玩家將扮演不同的動漫角色，使用各自的技能與策略對抗黑暗領主。遊戲強調合作與角色扮演，通過挑戰和任務逐步擊敗敵人，最終達成拯救世界的目標。', '玩家輪流進行行動，使用技能對抗敵人。每輪後，黑暗領主會發動攻擊。完成指定任務或挑戰，成功合作可獲得勝利。', '4-6人', '30-45分鐘', 2510, 271, 13, 1, '2024-09-12', '2025-05-06'),
(255, '055.jpeg', '熱血逃亡 Passionate Escape', '在近未來的日本，一座孤島成為了充滿挑戰的競技場，擁有特殊能力的少年少女們被迫參加一場殘酷的逃亡比賽。他們必須運用智慧與力量，在追捕者的重重圍困下奮力逃脫。每位參賽者都有自己的秘密與目標，這場比賽將考驗他們的友誼、決心與運氣。', '玩家們將扮演這些少年少女，利用手中的卡片和策略在充滿陷阱與險阻的小島上突圍。遊戲的目標是率先逃離島嶼，並避開其他玩家的攻擊。熱血、友情與背叛交織，讓每一場遊戲都充滿驚險與刺激。', '每回合玩家使用卡片進行移動或阻擋他人，首位成功逃脫的玩家獲勝。', '2-6人', '45-60分鐘', 2390, 36, 12, 1, '2024-03-06', '2025-08-14'),
(256, '056.jpeg', '熱血漁獵 Fierce Fish Frenzy', '在未來的日本，漁業變成了一場激烈的競技運動。選手們駕駛高科技漁船，參加全國最大的捕魚比賽——「熱血漁獵」。每位參賽者都是熱血動漫中的英雄，將他們的力量和智慧運用在海洋中，爭奪最大的一網捕獲。', '在「熱血漁獵」中，玩家扮演不同的動漫角色，駕駛獨特的漁船進行捕魚競賽。每個回合，玩家通過卡片進行策略選擇，使用各自的特殊能力來捕捉最稀有的魚類。遊戲充滿了熱血和策略，每一局都充滿挑戰和驚喜！', '玩家通過抽取並使用卡片來捕魚，得分最高的玩家獲勝。', '2-6人', '15-30分鐘\n\n', 2790, 377, 23, 1, '2024-01-30', '2025-07-02'),
(257, '057.jpeg', '熱血變色龍 Chameleon of Passion', '在日本的熱血動漫世界中，玩家們扮演不同的變色龍，透過吸收各種顏色的能量來強化自己的能力。每種顏色代表著不同的力量與屬性，玩家必須巧妙運用策略，來成為最強的變色龍，統治這個充滿挑戰的世界。\n\n', '熱血變色龍是一款充滿策略與變化的卡牌遊戲，玩家需要在選擇卡牌時考量顏色搭配，並計算可能的得分。遊戲的核心是如何平衡收集同一種顏色的卡牌，並避免累積過多的負面卡牌。在熱血動漫的背景下，玩家體驗到如同戰鬥般的激烈競爭。', '每回合抽取或選擇卡牌，根據手中的卡牌組合得分，並避免過多的負面效果。得分最高者勝出。', '2-5人', '45-60分鐘\n\n', 2100, 356, 43, 1, '2024-05-23', '2025-08-13'),
(258, '058.jpeg', '熱血密碼 Code of Passion', '在未來的日本，熱血高中生們發現了一個隱藏的密碼系統，據說這個系統能夠掌握世界的命運。為了阻止邪惡勢力利用密碼系統統治世界，熱血青年們決定展開一場智慧與勇氣的較量，破解密碼，拯救世界。', '熱血密碼》是一款充滿競爭與推理的桌遊。玩家需要利用數字與符號來隱藏和解開對手的密碼。通過策略與直覺，玩家需要在最短的時間內破解對手的密碼，並保護自己的秘密，成為最終的勝利者。', '每位玩家隱藏自己的密碼，並輪流猜測對手的密碼，最先破解對手密碼者獲勝。', '2-4人', '20-30分鐘\n\n', 2140, 31, 23, 1, '2023-10-15', '2024-12-15'),
(259, '059.jpeg', '昭和骰子鎮 Showa Dice Town', '在昭和時期的日本，一個繁榮的小鎮因為隨著時代的變遷而發展壯大。鎮上的居民們為了在這個快速變遷的時代中立足，開始以骰子比拼智慧和運氣來決定誰能在鎮上掌握最大權力和資源。玩家們將化身為鎮上的有力人物，通過策略和運氣來爭奪昭和骰子鎮的控制權。\n\n', '《昭和骰子鎮》是一款策略和運氣結合的骰子遊戲，玩家需要在日本昭和時期的小鎮中，通過投擲骰子來獲得土地、金錢和影響力。遊戲中充滿了昭和時代的文化元素，玩家將在懷舊的氛圍中，感受那段歷史的風情，並透過策略性的決策來成為鎮上的領袖。', '玩家通過骰子投擲和資源管理來爭奪鎮上的權力和資源，最終影響力最高者獲勝。', '2-5人', '30-45分鐘', 2150, 491, 43, 1, '2023-10-01', '2025-03-01'),
(260, '060.jpeg', '夢幻大正 Dreamy Taisho', '在大正時期的日本，這是一個充滿藝術與文化交融的時代。人們在茶室、花園和夜晚的街道上分享他們的夢境與故事。這些故事既真實又夢幻，充滿了隱喻和象徵，透過圖像來傳遞情感與思緒。在這個遊戲中，你將進入一個充滿奇幻的世界，與其他玩家競爭，看誰能用最具創意的方式來講述故事。', '夢幻大正是一款適合全家人和朋友的創意遊戲。每位玩家將根據所選的圖像來描述一個故事，其他玩家則根據這些描述來選擇最符合故事的圖像。遊戲中充滿了驚奇與想像，無論你是故事高手還是初學者，都能在遊戲中找到樂趣。', '每輪一位玩家描述圖像，其他玩家猜測並選擇相應的圖像，得分者最多者獲勝。', '3-6人', '30-45分鐘\n\n', 2170, 462, 21, 1, '2024-01-15', '2024-12-15'),
(261, '061.jpeg', '小學生嗒嗒樂 Elementary Dobble Fun', '在21世紀的日本，小學生們熱衷於一種快速反應的遊戲，這款遊戲不僅考驗他們的觀察力，還能鍛煉他們的反應速度。每個孩子都希望成為最先發現相同圖案的玩家，贏得同學們的尊敬。', '小學生嗒嗒樂是一款考驗反應速度和觀察力的桌遊。玩家需要在卡牌中快速找到相同的圖案並喊出來。遊戲設計充滿了日本小學文化元素，讓玩家在歡笑中挑戰自己的極限。\n', '每位玩家需在卡牌中最快找到並喊出相同的圖案。先喊出者得分，最終得分最高者獲勝。', '2-8人', '30-60分鐘\n\n', 2290, 277, 21, 1, '2023-10-01', '2024-12-01'),
(262, '062.jpeg', '冰雪獨角獸 Frost Unicorn', '在遙遠的挪威北部，寒冷的極地世界中，傳說中的獨角獸棲息在冰雪覆蓋的山脈中。冒險家們決心穿越冰封之地，尋找這些神秘的生物，以便與它們建立心靈聯繫，解開古老的秘密。', '玩家將扮演探險隊的隊長，通過在寒冷的挪威地形中尋找獨角獸的足跡，來獲得勝利。遊戲中，每位玩家需要利用策略和運氣來搭配不同的地形，並最終找到獨角獸的蹤影。', '每位玩家輪流抽取地形牌，將地形牌拼接在一起，並依據地形牌得分。最高分者勝出。\n\n', '2-4人', '20-30分鐘', 2260, 754, 22, 1, '2023-11-01', '2025-01-01'),
(263, '063.jpeg', '北境寒鋒 Frozen Blades of the North', '在冰封的挪威北境，維京勇士們為了家園與榮耀，與來自極地的遠古冰巨人展開生死決鬥。這場戰爭決定著部落的存亡，勇士們必須利用智慧與力量，擊退這些擁有強大魔法的敵人，在無盡寒冬中贏得最後的勝利。', '玩家分為維京勇士和冰巨人兩方展開對抗。維京勇士擁有靈活的戰術與多樣的裝備，而冰巨人則擁有強大的魔法與堅不可摧的防禦力。雙方在寒冷的北境戰場上運用策略和技巧，爭奪最後的勝利。\n\n', '每位玩家輪流移動角色並進行攻擊或施法，直到一方擊敗所有敵方角色。', '2-4人', '30-45分鐘', 2590, 200, 53, 1, '2024-02-01', '2025-06-01'),
(264, '064.jpeg', '冰霜霸主Frost Dominion', '在寒冷的現代挪威，一場激烈的權力爭奪戰正在上演。各個勢力爭奪著控制極地資源的霸主地位。在這片冰雪覆蓋的土地上，玩家們將化身為各勢力的領袖，利用智慧和策略，爭取最多的領土和資源，成為真正的霸主。\n', '《冰霜霸主》是一款策略型桌遊，玩家們在現代挪威的冰雪世界中爭奪領土和資源。每位玩家扮演不同的勢力，通過部署、交易和策略，爭取在冰冷的環境中建立強大的領地。遊戲充滿了策略性和競爭性，每一步決策都可能改變戰局。\n', '玩家使用手牌佈置勢力，控制區域。\n每回合進行資源分配和區域爭奪。\n獲得最多領土的玩家勝出。\n', '2-4人', '60分鐘', 2550, 130, 41, 1, '2024-01-15', '2025-11-30'),
(265, '065.jpeg', '精靈森林之旅 Journey Through the Elven Forest', '在芬蘭北部的神秘森林中，住著一群可愛的小精靈。他們熱愛冒險，經常穿越茂密的樹林和波光粼粼的湖泊，尋找失落的寶藏與魔法物品。這次，他們要進行一場競賽，看看誰能在最短時間內收集最多的寶藏，並順利返回精靈村。\n\n', '玩家將扮演森林中的小精靈，利用各種交通工具如精靈船、馴鹿、和魔法滑雪板，穿越多變的地形和神秘的地標。每位玩家需要策略性地選擇路線，並善用手中的道具來克服障礙，率先回到精靈村獲勝。', '玩家需穿越地圖，收集寶藏並返回起點，最快者勝。', '2-6人', '45-60分鐘', 2560, 460, 73, 1, '2024-02-15', '2025-01-15'),
(266, '066.jpeg', '精靈奇遇記 Elven Encounter', '在一個充滿魔法的日本小村莊，精靈們為了保護他們的秘密花園，設計了各種可愛的謎題和挑戰。玩家將扮演這些精靈，通過解開謎題，守護精靈們的樂土，並共同抵抗外來的威脅。', '精靈奇遇記是一款充滿趣味和策略的桌遊，玩家需要記憶不同的圖案和符號，並將它們組合在一起，解開謎題。在遊戲中，玩家既要合作又要競爭，最終完成最多謎題的玩家將獲得勝利。', '記住圖案並將它們正確組合成謎題，解開最多謎題的玩家獲勝。', '3-6人', '30-45分鐘', 2510, 220, 13, 1, '2024-05-01', '2025-06-01'),
(267, '067.jpeg', '神奇叢林 Fabled Jungle', '在神秘的非洲叢林深處，住著一群可愛的動物。牠們發現了一些神奇的果實，這些果實不僅能提供力量，還能帶來智慧。動物們決定展開一場友誼的競賽，看誰能最先收集到所有的神奇果實，並在這片叢林中贏得智慧之冠。', '玩家將扮演不同的非洲動物，在這片充滿驚奇與奇幻的叢林中，探索並收集神奇果實。每個動物都有獨特的能力，玩家必須巧妙運用策略，收集並交換果實，才能成為最終的勝利者。', '交換果實卡片以完成特定組合，首先集滿所有果實的玩家獲勝。', '2-5人', '30-45分鐘', 2550, 260, 12, 1, '2023-09-01', '2025-02-12'),
(268, '068.jpeg', '野性非洲探險 Wild Africa Expedition', '在遼闊的非洲大草原上，勇敢的探險家們冒險穿越各種地形，尋找稀有的動物與美麗的自然景觀。每一張卡牌都代表著不同的非洲動物與地區，玩家必須運用策略，才能獲得最多的觀察點，成為頂尖的野生動物攝影師。', '《野性非洲探險》是一款以非洲大草原為背景的策略卡牌遊戲，玩家扮演探險家，競相拍攝最珍稀的動物。透過精心安排的行動計畫與策略，玩家需要在保持安全的同時，捕捉到最佳的野生動物照片，從而獲得勝利。', '玩家輪流抽取卡牌，依次行動。每回合可選擇移動、拍照或干擾對手，最終拍攝點數最高者獲勝。\n\n', '2-5人', '30-45分鐘', 2770, 254, 23, 1, '2023-10-18', '2025-01-07'),
(269, '069.jpeg', '巴西足球狂歡 Brazilian Football Carnival', '在巴西熱情洋溢的街頭，足球不僅是一項運動，更是一種生活方式。球迷們以各種創意互動方式進行比賽，體現了巴西的狂歡精神和足球文化。你將化身為這些街頭足球的選手，通過策略和運氣來贏得比賽。', '《巴西足球狂歡》是一款充滿變化的互動桌遊，遊戲規則如同流動的足球比賽一般，不斷變換。玩家需要隨機應變，使用卡牌進行攻守，以獲得最終的勝利。每個回合可能帶來驚喜，挑戰你對足球的理解和靈活應對的能力。', '每位玩家輪流抽取卡牌，遵循卡牌上的指示。第一個達到勝利條件的玩家獲勝。\n\n', '2-6人', '20-40分鐘', 2660, 257, 43, 1, '2023-11-15', '2025-03-13'),
(270, '070.jpeg', '孤島求生 Island Survival', '你是一位探險家，在一次航行中遭遇風暴，漂流到了一個無人居住的紐西蘭孤島。這個島嶼危險重重，充滿了野生動物和神秘的自然力量。你必須在這裡生存，克服各種困難，找到回家的方法。', '《孤島求生》是一款單人牌組構建遊戲，玩家需要在孤島上進行一系列的挑戰，通過管理資源和擊敗威脅來增強自己的生存能力。隨著遊戲進展，難度會不斷增加，你必須在逐漸變得更為嚴酷的環境中堅持到最後。', '玩家抽取挑戰卡，並使用手中的資源卡應對。擊敗挑戰將強化你的牌組，反之則會削弱你的生存能力。', '1人', '30-45分鐘', 2550, 143, 23, 1, '2023-12-01', '2025-05-08'),
(271, '071.jpeg', '幸運小豬 Lucky Piggies', '在臺灣的一個熱鬧小鎮上，每年都會舉辦一場傳統的小豬賽跑賽事。村民們熱情參與，將他們的希望與夢想寄託在這些小豬身上。賭博成為賽事中的一大亮點，大家投注心儀的小豬，希望它能在賽道上拔得頭籌，帶來無限歡樂與獎勵。', '玩家將扮演村民，參與一年一度的小豬賽跑賽事。每位玩家需選擇一隻小豬進行投注，並通過使用各種策略卡片來影響賽局進程。賽道上充滿了變數和挑戰，勝利屬於最幸運、最睿智的玩家。這是一個結合了賭博與策略的快節奏遊戲，充滿了歡笑與驚喜。', '玩家輪流擲骰子，移動小豬。使用策略卡片來干擾對手或提升自己。第一隻到達終點的小豬為勝。\n\n', '2-6人', '20-30分鐘', 2440, 267, 43, 1, '2024-01-17', '2025-07-08'),
(272, '072.jpeg', '幸運韓賭快手 Lucky Korean Quick Hand', '在現代韓國，幸運和直覺是賭博高手的標誌。玩家們進入一個充滿活力的地下賭場，每個人都想成為最幸運的賭徒。這裡，速度和判斷力是獲勝的關鍵，贏家將帶走無盡的財富和快樂。', '幸運韓賭快手是一款測試玩家反應速度和觀察力的遊戲。玩家需要在最短的時間內從卡片中找到正確的圖案並快速搶奪對應的物品，象徵著賭博中的幸運物品。遊戲充滿韓國文化的元素，讓玩家感受賭博帶來的快樂與刺激。', '玩家翻開卡片後，快速搶奪與卡片圖案相符的物品，最先搶到正確物品者得分。', '2-8人', '15-30分鐘', 2330, 467, 21, 1, '2024-06-10', '2025-07-17'),
(273, '073.jpeg', '丹麥皇室爭霸 Danish Royal Struggle', '在丹麥古老的皇室中，貴族們為了爭奪權力與財富，展開了一場激烈的社交鬥爭。從國王到侍從，所有人都希望能夠攀上權力的頂峰，成為丹麥最有權勢的人物。但在這個權謀與機智並重的遊戲中，稍有不慎就可能跌入谷底。\n', '玩家將扮演不同的丹麥貴族，通過交換、策略與運氣，努力提升自己的社會地位。遊戲中，每回合都會決定一位「國王」和「侍從」，而其他玩家的地位則取決於他們的牌組強弱。最高地位的玩家將獲得最大的優勢，而最低地位的玩家則必須面臨不利條件。\n\n', '玩家依牌力排序，地位高者獲勝。牌力決定身份，每回合重新分配。', '4-8人', '30-45分鐘', 2220, 125, 21, 1, '2024-09-12', '2025-05-06'),
(274, '074.jpeg', '袋鼠藏匿 Kangaroo Hideout', '在墨爾本的城市叢林中，小袋鼠們正在玩捉迷藏。它們必須在被大灰袋鼠找到之前，迅速找到藏身之處。這是一場智慧與速度的較量，袋鼠們利用城市中的建築物、樹木和小巷，巧妙地躲避追捕。墨爾本的多變天氣也為遊戲增添了變數，讓每次捉迷藏都充滿驚喜。', '《袋鼠藏匿》是一款適合全家一起玩的策略遊戲，玩家們扮演小袋鼠，試圖躲避扮演大灰袋鼠的玩家。在遊戲中，玩家需要根據場景牌上的提示，選擇合適的藏匿地點，並在合適的時機使用道具牌來干擾對手。隨著回合推進，場景會變得更加複雜，而玩家們必須運用智慧和運氣來贏得勝利。', '玩家輪流翻開場景牌，選擇藏匿地點。大灰袋鼠玩家在一回合內找出最多袋鼠獲勝。', '2-6人', '20-30分鐘', 2010, 426, 22, 1, '2024-03-06', '2025-08-14'),
(275, '075.jpeg', '小精靈的蜜蜂派對 The Pixies\' Honey Party', '在英國的一片古老森林中，小精靈們每天都在花叢間忙碌地採集蜂蜜，為即將到來的蜜蜂派對做準備。這是一個充滿愛與快樂的時光，然而，小精靈們必須小心不要讓貪吃的熊來搗亂他們的派對。', '玩家將扮演可愛的小精靈，目標是幫助蜜蜂採集最多的蜂蜜並將它們安全地帶回家園。森林中有許多挑戰與危險，玩家需要運用智慧與運氣來避開障礙，保護蜜蜂，並最終成為派對的英雄。', '2-4人採集最多蜂蜜的玩家獲勝，但要避開貪吃的熊與其他障礙。', '2-4人', '20-30分鐘', 2120, 457, 53, 1, '2024-01-30', '2025-07-02'),
(276, '076.jpeg', '南極冒險 Antarctic Adventure', '在遙遠的南極大陸，一群可愛的小企鵝正在進行一場緊張刺激的冒險。他們需要在冰雪覆蓋的迷宮中尋找食物，同時避免滑入冰窟窿。這場冒險不僅考驗他們的智慧，也考驗他們的靈巧。\n', '《南極冒險》是一款適合全家人一起玩的桌遊，玩家需要操控企鵝在冰迷宮中滑行，躲避陷阱，並搶奪冰塊。遊戲節奏快，操作簡單，但充滿挑戰和樂趣。每個玩家都要小心自己的行動，因為一個錯誤的滑動就可能掉入陷阱。', '透過輕推企鵝滑行，收集冰塊並躲避陷阱，最先集滿冰塊的玩家獲勝。', '2-4人', '20-30分鐘', 2240, 913, 41, 1, '2024-05-23', '2025-08-13'),
(277, '077.jpeg', '叢林秘寶 Jungle Treasure', '在南美洲的深處叢林裡，古老的文明隱藏著無數的寶藏。探險家們聞風而動，前往這片危機四伏的神秘之地，希望能找到傳說中的秘寶。然而，叢林中的陷阱與未知的力量，讓這趟尋寶之旅充滿了挑戰與危險。', '玩家將化身為勇敢的探險家，在神秘的南美洲叢林中尋找寶藏。每一回合，玩家們必須決定是繼續深入叢林，還是攜帶已找到的寶藏撤退。叢林中的陷阱會隨時讓玩家失去一切，但深入叢林則有機會獲得更豐厚的寶藏。', '決定前進或撤退，並收集寶藏，避開陷阱。', '3-8人\n\n', '30-45分鐘', 2250, 777, 73, 1, '2023-10-15', '2024-12-15'),
(278, '078.jpeg', '巴黎謎影 Paris Shadows', '1880 年代的巴黎，這座燈光閃耀的城市在表面下隱藏著無數秘密與陰謀。玩家將扮演一名偵探，解開圍繞著巴黎高層社會中的神秘案件，並在複雜的政治和人際關係中尋找真相。', '在《巴黎謎影》中，玩家必須運用策略與智慧，搜集線索、尋找證人，並解開謀殺案背後的真相。每個回合，玩家需要根據手中的情報做出決策，並與其他偵探競爭，搶先破解案件。', '收集證據，分析線索，破解謎題。最快解開案件者獲勝。', '2-5 人', '30-60 分鐘', 2430, 262, 13, 1, '2023-10-01', '2025-03-01'),
(279, '079.jpeg', '巴黎戀曲 Paris Serenade', '在浪漫之都巴黎，一群年輕的藝術家、糕點師和花匠們在繁華的街區中追尋愛情與夢想。玩家們將穿梭於巴黎的著名地標，如埃菲爾鐵塔和盧浮宮，收集珍貴的資源，並贏得愛人的青睞，創造屬於自己的美好故事。', '在《巴黎戀曲》中，玩家們將扮演不同職業的巴黎市民，透過交易和策略獲取資源，用來打動心儀的對象。隨著遊戲的進行，浪漫的巴黎夜景將逐漸展現，而玩家們也將面對愛情與生活的選擇，最終誰能在愛情與事業上取得雙贏？', '玩家通過移動棋子，收集資源並完成任務，以獲得勝利點數。', '2-5人', '60-90分鐘\n', 2520, 254, 50, 1, '2024-01-15', '2024-12-15'),
(280, '080.jpeg', '象寶探險隊 Jumbo\'s Adventure Squad\n\n\n', '在遙遠的越南叢林深處，有一群可愛的象寶們組成了探險隊，決定展開一場充滿歡樂的尋寶之旅。穿越茂密的竹林、清澈的河流，象寶們要合作並運用智慧，找到傳說中的金色竹笋。一路上，他們將遇到各種挑戰與奇趣的朋友，這是一場既刺激又溫馨的冒險。\n', '《象寶探險隊》是一款適合家庭和朋友的可愛合作遊戲。玩家們扮演象寶，需協力完成各種有趣的任務，收集線索並避開障礙，最終找到金色竹笋。遊戲過程充滿了策略與隨機性，每次玩都有不同的冒險體驗。象寶們的可愛形象和輕鬆的氛圍，讓這款遊戲充滿了笑聲與樂趣。', '玩家合作完成任務，收集線索並躲避障礙，最後找到金色竹笋。每回合掷骰子移動並執行對應動作。\n', '2-4人\n\n', '30-45分鐘\n\n', 1250, 766, 15, 1, '2023-10-01', '2024-12-01'),
(281, '081.jpeg', '越南探險隊 Vietnam Adventure Squad', '在越南的壯麗山脈中，一群可愛的探險家們展開了他們的旅程。他們必須攀登險峻的山峰，穿越茂密的叢林，在艱難的天氣中互相合作，尋找最美的景色和珍稀的植物。這是一場考驗智慧和勇氣的冒險，充滿了歡樂和挑戰。', '玩家將扮演不同的探險家，帶領他們的隊伍在越南的山脈中冒險。遊戲中，玩家需要策略性地選擇路徑，管理隊伍的能量和資源，同時應對變幻莫測的天氣和地形。最終，成功登頂並安全返回的玩家將成為勝利者。', '玩家需在嚴峻的環境中競爭，並管理能量、天氣影響，首個安全返回的隊伍獲勝。', '2-5人', '60-90分鐘', 1670, 12, 15, 1, '2023-11-01', '2025-01-01'),
(282, '082.jpeg', '印度尼亞海域爭霸 Indonesian Archipelago Conquest', '在印度尼西亞的廣闊海域中，眾多小島散落其間。你是一位有遠見的航海家，想要掌控這些島嶼，建立自己的海上王國。透過策略性地控制航道與島嶼，最終成為海域的統治者。', '《印度尼亞海域爭霸》是一款兩人對抗的策略遊戲，玩家需利用手牌來控制印度尼西亞的島嶼。遊戲強調計畫與佈局，玩家透過合理安排策略來擊敗對手，最終掌控最多的島嶼獲得勝利。', '以手牌控制島嶼，每回合可使用1-2張卡片，透過策略性地連接航道來占領島嶼。', '2人', '30-45分鐘\n\n', 2150, 125, 30, 1, '2024-02-01', '2025-06-01'),
(283, '083.jpeg', '海洋探險家 Ocean Explorer', '在遙遠的海島上，許多可愛的魚兒們展開了激烈的生存競賽。玩家們將扮演不同種類的魚，透過策略和機智在這片充滿危險的海域中游弋。小魚們必須躲避大魚的攻擊，同時尋找食物以壯大自己的力量，成為海洋中的霸主。', '海洋探險家是一款充滿挑戰與樂趣的策略桌遊，適合家庭和朋友聚會時一起享受。玩家們需要運用策略，決定何時進攻或退守，並在競爭中成為最強大的魚群。遊戲具有豐富的互動性和多變的遊戲性，每次遊玩都能帶來不同的體驗。', '玩家輪流行動，選擇移動、攻擊或躲避。遊戲結束時，擁有最多食物的玩家獲勝。\n', '2-4人', '30-45分鐘', 1850, 522, 15, 1, '2024-01-15', '2025-11-30'),
(284, '084.jpeg', '骯髒廚房大逃殺 Dirty Kitchen Showdown', '在一家老舊的餐廳裡，廚房變得異常骯髒，吸引了大量的蟑螂和害蟲。廚師們無奈，只能迅速展開一場大清掃戰爭。他們需要在最短時間內清除這些骯髒的侵略者，否則餐廳的聲譽將毀於一旦！\n\n', '玩家扮演忙碌的廚師，必須快速地抓住並清除廚房中的蟑螂和害蟲。在這個充滿緊張感的遊戲中，速度和策略是獲勝的關鍵。誰能在有限的時間內清除最多的蟑螂，誰就能成為最優秀的廚師！\n\n', '玩家輪流操作廚房工具，將害蟲驅趕到捕捉陷阱中。誰捕捉到最多的蟑螂即為勝利者。\n\n', '2-4人\n\n', '20-30分鐘\n\n', 1500, 433, 25, 1, '2024-02-15', '2025-01-15'),
(285, '085.jpeg', '幽靈派對 Ghost Party', '在一座古老的鬼屋裡，每年都會舉行一場鬼怪派對。玩家們化身幽靈，參加這場令人捧腹的派對。每個幽靈都有自己的秘密目標，但要謹慎選擇策略，因為其他幽靈也在努力完成自己的任務。', '幽靈派對是一款充滿笑聲的派對桌遊。每位玩家扮演一個獨特的幽靈，並以各種有趣的方式互相挑戰，試圖達成各自的隱藏目標。遊戲中充滿了策略和意外，每一次玩都會帶來全新的體驗和歡笑。', '每回合玩家選擇一張卡片進行秘密行動，其他玩家可選擇揭示或盲目猜測。成功揭示或猜中卡片將獲得分數。', '4-8人\n\n', '30-60分鐘\n\n', 1200, 466, 20, 1, '2024-05-01', '2025-06-01'),
(286, '086.jpeg', '密謀時刻 Moment of Deception', '在一個神秘的貴族晚宴上，各位貴族的真實身份被秘密隱藏著。你的任務是揭露他們的身份，揭穿謊言，並爭取自己的利益。然而，每個貴族都擁有獨特的能力，能夠讓晚宴變得更加複雜而有趣。誰能在這場派對中脫穎而出，成為最後的勝者呢？', '「密謀時刻」是一款以揭露身份為主題的派對桌遊。玩家需要利用手中的卡片和角色能力來騙取對手，進而揭示他們的身份。遊戲充滿了策略和心理戰，每一輪都可能改變局勢，讓晚宴充滿變數和挑戰。適合喜歡互動和策略的玩家。', '玩家輪流出牌，利用角色能力進行策略行動。每回合可以選擇攻擊、欺騙或防禦。遊戲結束時，成功揭露最多身份的玩家獲勝。\n\n', '3-6人', '30-60分鐘', 1600, 477, 20, 1, '2023-09-01', '2025-02-12'),
(287, '087.jpeg', '冰原探險者 Icefield Explorers', '在遙遠的冰原中，神秘的古代遺跡被冰雪掩蓋，等待著勇敢的探險者去發掘。寒冷的環境和險惡的條件使得這次探險充滿挑戰。只有最機智和勇敢的探險者才能解開冰原的秘密。', '《冰原探險者》是一款冒險型桌遊，玩家們在冰雪覆蓋的地圖上探索古代遺跡。通過解決謎題和避開陷阱，玩家們需要收集珍貴的寶藏。每一步都充滿驚險與刺激，挑戰你的智慧和策略！\n', '玩家回合依次移動，選擇探索或解謎，每解決一個謎題可獲得分數，避免陷阱損失分數。遊戲結束時，分數最高者獲勝。', '2-4人', '30-60分鐘', 1800, 488, 25, 1, '2023-10-18', '2025-01-07'),
(288, '088.jpeg', '時空探險家：蟲洞大冒險 Time Travelers: The Wormhole Adventure', '你是一名來自未來的時空探險家，乘坐著先進的宇宙飛船，探索未知的蟲洞。然而，這些蟲洞並非普通的時空裂縫，而是充滿了危險和機遇。你必須運用智慧和策略，躲避隱藏的陷阱，收集珍貴的宇宙資源，並尋找通往家園的安全之路。', '《時空探險家：蟲洞大冒險》是一款結合策略和運氣的桌上遊戲，玩家將在無盡的宇宙中穿越蟲洞，探索未知的領域。每一回合，玩家都需面對不同的挑戰，決定是否繼續冒險或選擇安全返回。這是一場智力與運氣的較量，勝利者將是最勇敢且最謹慎的探險家。', '玩家依次探索蟲洞，選擇行動，並根據結果獲得資源或遭遇陷阱。', '2-6人', '45-60分鐘', 1850, 254, 30, 1, '2023-11-15', '2025-03-13'),
(289, '089.jpeg', '星際探險者\n\nGalactic Explorers', '在遙遠的未來，人類開始向宇宙深處探索。各大企業競相發展星際殖民科技，派出探索船隊尋找適合人類居住的行星。作為一位艦長，你需要領導你的船員在無盡的宇宙中尋找資源、建立基地，並與其他勢力競爭，成為最成功的星際探險者。', '《星際探險者》是一款策略型桌遊，玩家扮演不同的艦長，在太空中探索新行星，收集資源，建立太空基地，並與其他玩家競爭。遊戲中，每個決策都可能改變未來發展方向，最終目的是成為最具影響力的星際勢力。', '玩家輪流派遣飛船探索宇宙、收集資源、建設基地。透過策略獲得最多的星際影響力以獲勝。', '2-6人', '60-120分鐘', 2200, 142, 20, 1, '2023-12-01', '2025-05-08'),
(290, '090.jpeg', '宇宙船長的盛宴 Galactic Captain\'s Feast', '在浩瀚無邊的宇宙中，宇宙船長們為了迎接即將到來的盛宴，必須從各個星球上收集珍稀的宇宙美食。不同的船長們會展開一場激烈的競爭，爭奪最珍貴的食材，為他們的船員們準備一場難忘的盛宴。你是否能在這場競爭中脫穎而出，成為最受歡迎的船長呢？', '玩家扮演不同宇宙船的船長，在宇宙中探索，收集食材，並嘗試在其他玩家之前完成船員的美食需求。遊戲充滿了策略性和競爭性，你需要在有限的回合中做出最佳選擇，以確保你的宇宙船員們滿意，並成為最後的勝利者。', '每位玩家輪流抽取食材卡，並在回合內決定是否保留或交換，直到食材供應耗盡。\n\n', '2-5人', '30-45分鐘', 1590, 177, 15, 1, '2024-01-17', '2025-07-08'),
(291, '091.jpeg', '星際王座 Intergalactic Throne\n', '在遙遠的銀河系，數個外星種族正爭奪宇宙中最強大的王座——星際王座。每個種族都有其獨特的能力與策略，只有最聰明、最狡猾的領袖才能成為星際帝國的統治者。在這場競爭中，友情與敵對，智慧與謀略將決定誰能成為宇宙之王。', '《星際王座》是一款策略卡牌遊戲，玩家將扮演不同的外星種族，使用手中的卡牌與其他玩家進行對抗。每一輪，玩家都必須做出戰略決策，運用各種策略和能力來獲取優勢。遊戲充滿了未知的變數和緊張的對抗，最終目的是成為星際王座的唯一擁有者。\n\n', '每輪選擇一張卡牌進行行動，使用卡牌效果並爭奪星際王座。\n\n', '2-6人\n\n', '30-45分鐘\n\n', 1950, 644, 30, 1, '2024-06-10', '2025-07-17'),
(292, '092.jpeg', '奇妙宇宙王國 Marvelous Cosmic Kingdom', '在遙遠的奇妙宇宙中，各個王國爭相擴展自己的領地，建立最具影響力的宇宙帝國。玩家們將成為王國的統治者，透過策略性地佈局自己的宇宙板塊，吸引資源、保護領土，並與其他王國競爭，最終創造出一個無與倫比的繁榮帝國。', '《奇妙宇宙王國》是一款融合策略與運氣的桌遊。玩家需運用智慧，選擇合適的宇宙板塊來擴展自己的領地，與其他玩家競爭，並通過組合不同的元素來獲得最高的分數。遊戲節奏輕快，適合家庭與朋友之間的休閒聚會。', '每回合選擇並放置板塊，擴展王國。比賽結束時，分數最高者獲勝。', '2-4人', '15-30分鐘', 1920, 455, 15, 1, '2024-09-12', '2025-05-06'),
(293, '093.jpeg', '史前文明之王 King of Prehistoric Civilization', '在遠古時代，部落首領們爭奪資源並擴張領地，以建立最強大的史前文明。玩家將扮演部落首領，帶領族人狩獵、採集、發展科技，並建造壯麗的文明，最終成為史前世界的霸主。\n\n', '這是一款競爭策略遊戲，玩家需要通過精妙的領地配置，合理運用資源來發展自己的部落。每個回合，玩家都必須在多個選項中做出最有利於自己文明成長的選擇。遊戲過程充滿挑戰與樂趣，適合朋友和家人一同體驗。', '擴展領地，獲取資源，累積文明點數，最多點數者獲勝。', '2-4人', '30-45分鐘', 1740, 733, 25, 1, '2024-03-06', '2025-08-14'),
(294, '094.jpeg', '幕後農場交易 Behind the Farm Deals', '在美國的一個鄉村農場，幾個狡猾的農場主聚集在一起，準備進行一場激烈的畜牧交易。他們將運用一切手段，以最低的成本獲得最有價值的牲畜，並成為最富有的農場主。這場交易背後充滿了謀略和騙局，只有最機智的玩家才能脫穎而出。', '幕後農場交易是一款策略和談判類桌遊，玩家們將扮演農場主，透過競標、交易和心理戰，來獲得更多的牲畜和財富。遊戲中充滿了驚險的談判和意想不到的反轉，讓玩家們在遊戲過程中體驗到緊張刺激的交易競爭。', '玩家競標牲畜並進行秘密交易，最多財富者獲勝。', '3-6人', '45-60分鐘', 1670, 888, 20, 1, '2024-01-30', '2025-07-02'),
(295, '095.jpeg', '麻吉動物派對\nMagic Animal Party', '在森林深處，所有動物們決定舉辦一年一度的「麻吉動物派對」，每個動物都希望能找到自己的最佳麻吉來搭檔參加各種有趣的遊戲。參加者必須迅速辨識並配對出相同的動物圖案，組成隊伍，展現出最佳的合作與反應能力，贏得這場充滿歡樂與挑戰的派對。', '「麻吉動物派對」是一款充滿趣味的親子桌遊，玩家需在最快時間內找到並配對相同的動物圖案。遊戲過程中，玩家不僅要考驗反應速度，還需展現觀察力與記憶力。適合各個年齡層的玩家一起參與，無論是家庭聚會還是朋友聚餐，都能帶來滿滿的歡笑與互動。', '每位玩家迅速找到兩張相同動物圖案的卡片並配對，最先完成者獲勝。\n\n', '2-6人\n\n', '15-30分鐘\n\n', 1580, 111, 20, 1, '2024-05-23', '2025-08-13'),
(296, '096.jpeg', '秘境魔法之旅\nEnchanted Journey', '在瑞士的阿爾卑斯山中隱藏著一座神秘的秘境，只有擁有古老魔法的人才能找到進入的方法。傳說中，這片秘境隱藏著強大的魔法力量和無盡的寶藏。玩家們將扮演現代世界中的魔法師，為了尋找這片神秘秘境的入口，彼此競爭，運用智慧和策略，穿越危險與挑戰，最終掌握這股強大的力量。', '「秘境魔法之旅」是一款結合現代與魔法元素的策略桌遊，玩家將在遊戲中運用各自的魔法能力，解開各種謎題，並克服遊戲中的重重挑戰。玩家之間既有合作也有競爭，每個決策都至關重要，最終能夠進入秘境並掌握強大魔法力量的玩家將贏得勝利。適合喜愛深度思考與策略運用的玩家。', ' 玩家扮演魔法師，運用策略與智慧競爭，最先找到秘境入口者獲勝。\n\n', '3-6人\n\n', '45-60分鐘\n\n', 1490, 222, 25, 1, '2024-09-12', '2025-05-06'),
(297, '097.jpeg', '開心小羊村\nHappy Sheep Village', '在韓國的一個小山村裡，生活著一群活潑可愛的小羊。牠們每天都在草地上嬉戲，享受陽光與清風。然而，當夜幕降臨時，小羊們必須趕快回到羊圈裡，避免被森林中的野狼發現。玩家將幫助這些小羊，運用智慧和運氣，讓牠們安全回家，並在過程中享受歡樂時光。', '「開心小羊村」是一款簡單有趣的親子桌遊，玩家將與小羊們一同參與歡樂的冒險。遊戲過程中，玩家需要利用策略和運氣，幫助小羊們避開野狼，並安全地回到羊圈。這款遊戲非常適合家庭與孩子們一同遊玩，帶來無限的笑聲與樂趣。', '玩家需要幫助小羊避開野狼並回到羊圈，最先安全回家者獲勝。\n\n', '2-6人\n\n', '20-30分鐘\n\n', 1600, 333, 30, 1, '2024-03-06', '2025-08-14'),
(298, '098.jpeg', '夏威夷小昆蟲派對\nHawaiian Bug Party\n', '在熱情的夏威夷，所有的小昆蟲們決定舉辦一場色彩斑斕的派對。每隻小昆蟲都希望能穿上最美麗的夏威夷花環與服裝，展示自己最可愛的一面。玩家們將幫助這些昆蟲選擇服裝，參加這場充滿陽光與歡樂的派對，享受夏威夷的熱情氛圍。\n\n', '「夏威夷小昆蟲派對」是一款充滿樂趣的親子桌遊，玩家需要協助小昆蟲們選擇各式各樣的夏威夷服裝，參加派對。遊戲中，玩家會面對不同的挑戰和選擇，運用策略和創意，讓每隻昆蟲都能穿上最適合的裝扮。這款遊戲不僅帶來快樂，也能促進家庭間的互動與合作。', '玩家選擇合適的夏威夷服裝裝扮小昆蟲，最具創意和搭配成功者獲勝。\n\n', '2-4人', '30-45分鐘', 1650, 444, 20, 1, '2024-01-30', '2025-07-02'),
(299, '099.jpeg', '小島洪水警報\nIsland Flood Alert', '在遙遠的小島上，一場突如其來的洪水威脅著島上的生物。暴雨不斷，水位上升，島上的每一個角落都充滿了危險。玩家需要迅速應對這場危機，利用有限的資源與智慧，幫助島上的居民找到安全的避難所，抵擋洪水的侵襲，確保他們的安全。', '「小島洪水警報」是一款充滿刺激與挑戰的桌遊。玩家將面對一場突如其來的洪水災害，需要在有限的時間內作出迅速的決策，保護島上的居民免受洪水的侵襲。遊戲中，玩家需協作並運用策略，找到安全的避難所，避免洪水淹沒整個小島。這款遊戲充滿危機感和刺激，適合喜歡挑戰和團隊合作的玩家。', '玩家需協作應對洪水，利用資源找到避難所，最先保護所有居民者獲勝。\n\n', '2-6人\n\n', '30-45分鐘\n\n', 1750, 555, 30, 1, '2024-05-23', '2025-08-13'),
(300, '100.jpeg', '古文明探險\nAncient Civilization Quest', '在神秘的古文明遺址中，隱藏著無數的寶藏和未知的奇妙秘密。玩家將成為探險家，踏上探索這些古老遺跡的冒險旅程。他們需要解開古文明留下的謎題，尋找失落的遺物，揭示過去的秘密，並在這場奇妙的探索中爭奪最豐富的發現。', '「古文明探險」是一款充滿冒險和探索的桌遊。玩家在遊戲中扮演勇敢的探險家，深入古老的文明遺址，解鎖各種神秘的謎題和挑戰。每次探索都會帶來新的發現，玩家需要運用策略和智慧，爭取獲得最珍貴的寶藏。遊戲結合了古文明的神秘感和冒險的刺激感，適合喜愛探索和挑戰的玩家。', '玩家探索古文明遺址，解開謎題並尋找寶藏，最先獲得最多寶藏者獲勝。\n', '2-4人\n', '30-60分鐘\n\n', 1570, 666, 20, 1, '2024-05-23', '2025-08-13');

-- --------------------------------------------------------

--
-- 資料表結構 `prod_ord_item`
--

CREATE TABLE `prod_ord_item` (
  `ord_detail_id` int NOT NULL,
  `ord_id` int NOT NULL,
  `id` int NOT NULL,
  `prod_name` varchar(255) NOT NULL,
  `item_price` int NOT NULL,
  `item_qty` int NOT NULL,
  `item_total` int NOT NULL,
  `prod_comm` varchar(2000) CHARACTER SET utf8mb4 COLLATE utf8mb4_0900_ai_ci DEFAULT NULL,
  `prod_star` int DEFAULT NULL
) ENGINE=InnoDB DEFAULT CHARSET=utf8mb4 COLLATE=utf8mb4_0900_ai_ci COMMENT='商品訂單項目';

--
-- 傾印資料表的資料 `prod_ord_item`
--

INSERT INTO `prod_ord_item` (`ord_detail_id`, `ord_id`, `id`, `prod_name`, `item_price`, `item_qty`, `item_total`, `prod_comm`, `prod_star`) VALUES
(1, 1, 204, '', 2400, 1, 2400, '糞GAME', 1),
(2, 1, 205, '', 1820, 1, 1820, '真是太好玩了', 5),
(3, 1, 206, '', 1100, 1, 1100, '新奇體驗', 3),
(4, 2, 255, '', 2200, 1, 2200, NULL, NULL),
(5, 202400024, 215, '靈異審判 Spectral Tribunal', 2250, 1, 2250, NULL, NULL),
(6, 202400024, 272, '幸運韓賭快手 Lucky Korean Quick Hand', 2330, 1, 2330, NULL, NULL),
(7, 202400024, 234, '迷霧之城 City of Mist', 1700, 1, 1700, NULL, NULL),
(8, 202400025, 215, '靈異審判 Spectral Tribunal', 2250, 1, 2250, NULL, NULL),
(9, 202400025, 272, '幸運韓賭快手 Lucky Korean Quick Hand', 2330, 1, 2330, NULL, NULL),
(10, 202400025, 234, '迷霧之城 City of Mist', 1700, 1, 1700, NULL, NULL),
(11, 202400026, 215, '靈異審判 Spectral Tribunal', 2250, 1, 2250, NULL, NULL),
(12, 202400026, 272, '幸運韓賭快手 Lucky Korean Quick Hand', 2330, 1, 2330, NULL, NULL),
(13, 202400026, 234, '迷霧之城 City of Mist', 1700, 1, 1700, NULL, NULL),
(14, 202400027, 215, '靈異審判 Spectral Tribunal', 2250, 1, 2250, NULL, NULL),
(15, 202400027, 272, '幸運韓賭快手 Lucky Korean Quick Hand', 2330, 1, 2330, NULL, NULL),
(16, 202400027, 234, '迷霧之城 City of Mist', 1700, 1, 1700, NULL, NULL),
(17, 202400028, 215, '靈異審判 Spectral Tribunal', 2250, 1, 2250, NULL, NULL),
(18, 202400028, 272, '幸運韓賭快手 Lucky Korean Quick Hand', 2330, 1, 2330, NULL, NULL),
(19, 202400028, 234, '迷霧之城 City of Mist', 1700, 1, 1700, NULL, NULL),
(20, 202400029, 215, '靈異審判 Spectral Tribunal', 2250, 1, 2250, NULL, NULL),
(21, 202400029, 272, '幸運韓賭快手 Lucky Korean Quick Hand', 2330, 1, 2330, NULL, NULL),
(22, 202400029, 234, '迷霧之城 City of Mist', 1700, 1, 1700, NULL, NULL),
(23, 202400030, 215, '靈異審判 Spectral Tribunal', 2250, 1, 2250, NULL, NULL),
(24, 202400030, 272, '幸運韓賭快手 Lucky Korean Quick Hand', 2330, 1, 2330, NULL, NULL),
(25, 202400030, 234, '迷霧之城 City of Mist', 1700, 1, 1700, NULL, NULL),
(26, 202400031, 215, '靈異審判 Spectral Tribunal', 2250, 1, 2250, NULL, NULL),
(27, 202400031, 272, '幸運韓賭快手 Lucky Korean Quick Hand', 2330, 1, 2330, NULL, NULL),
(28, 202400031, 234, '迷霧之城 City of Mist', 1700, 1, 1700, NULL, NULL),
(29, 202400032, 215, '靈異審判 Spectral Tribunal', 2250, 1, 2250, NULL, NULL),
(30, 202400032, 272, '幸運韓賭快手 Lucky Korean Quick Hand', 2330, 1, 2330, NULL, NULL),
(31, 202400032, 234, '迷霧之城 City of Mist', 1700, 1, 1700, NULL, NULL),
(32, 202400033, 215, '靈異審判 Spectral Tribunal', 2250, 1, 2250, NULL, NULL),
(33, 202400033, 272, '幸運韓賭快手 Lucky Korean Quick Hand', 2330, 1, 2330, NULL, NULL),
(34, 202400033, 234, '迷霧之城 City of Mist', 1700, 1, 1700, NULL, NULL),
(35, 202400034, 215, '靈異審判 Spectral Tribunal', 2250, 1, 2250, NULL, NULL),
(36, 202400034, 272, '幸運韓賭快手 Lucky Korean Quick Hand', 2330, 1, 2330, NULL, NULL),
(37, 202400034, 234, '迷霧之城 City of Mist', 1700, 1, 1700, NULL, NULL),
(38, 202400035, 215, '靈異審判 Spectral Tribunal', 2250, 1, 2250, NULL, NULL),
(39, 202400035, 272, '幸運韓賭快手 Lucky Korean Quick Hand', 2330, 1, 2330, NULL, NULL),
(40, 202400035, 234, '迷霧之城 City of Mist', 1700, 1, 1700, NULL, NULL),
(41, 202400036, 215, '靈異審判 Spectral Tribunal', 2250, 1, 2250, NULL, NULL),
(42, 202400036, 272, '幸運韓賭快手 Lucky Korean Quick Hand', 2330, 1, 2330, NULL, NULL),
(43, 202400036, 234, '迷霧之城 City of Mist', 1700, 1, 1700, NULL, NULL),
(44, 202400037, 215, '靈異審判 Spectral Tribunal', 2250, 1, 2250, NULL, NULL),
(45, 202400037, 272, '幸運韓賭快手 Lucky Korean Quick Hand', 2330, 1, 2330, NULL, NULL),
(46, 202400037, 234, '迷霧之城 City of Mist', 1700, 1, 1700, NULL, NULL),
(47, 202400038, 215, '靈異審判 Spectral Tribunal', 2250, 1, 2250, NULL, NULL),
(48, 202400038, 272, '幸運韓賭快手 Lucky Korean Quick Hand', 2330, 1, 2330, NULL, NULL),
(49, 202400038, 234, '迷霧之城 City of Mist', 1700, 1, 1700, NULL, NULL),
(50, 202400039, 215, '靈異審判 Spectral Tribunal', 2250, 1, 2250, NULL, NULL),
(51, 202400039, 272, '幸運韓賭快手 Lucky Korean Quick Hand', 2330, 1, 2330, NULL, NULL),
(52, 202400039, 234, '迷霧之城 City of Mist', 1700, 1, 1700, NULL, NULL),
(53, 202400040, 201, '龍之遺跡 Dragon’s Legacy', 1280, 1, 1280, NULL, NULL),
(54, 202400040, 207, '詭異時光錶 Eerie Hourglass', 1580, 1, 1580, NULL, NULL),
(55, 202400040, 215, '靈異審判 Spectral Tribunal', 2250, 1, 2250, NULL, NULL),
(56, 202400040, 272, '幸運韓賭快手 Lucky Korean Quick Hand', 2330, 1, 2330, NULL, NULL),
(57, 202400040, 234, '迷霧之城 City of Mist', 1700, 1, 1700, NULL, NULL),
(58, 202400041, 201, '龍之遺跡 Dragon’s Legacy', 1280, 1, 1280, NULL, NULL),
(59, 202400041, 207, '詭異時光錶 Eerie Hourglass', 1580, 1, 1580, NULL, NULL),
(60, 202400041, 215, '靈異審判 Spectral Tribunal', 2250, 1, 2250, NULL, NULL),
(61, 202400041, 272, '幸運韓賭快手 Lucky Korean Quick Hand', 2330, 1, 2330, NULL, NULL),
(62, 202400041, 234, '迷霧之城 City of Mist', 1700, 1, 1700, NULL, NULL),
(63, 202400042, 201, '龍之遺跡 Dragon’s Legacy', 1280, 1, 1280, NULL, NULL),
(64, 202400042, 207, '詭異時光錶 Eerie Hourglass', 1580, 1, 1580, NULL, NULL),
(65, 202400042, 215, '靈異審判 Spectral Tribunal', 2250, 1, 2250, NULL, NULL),
(66, 202400042, 272, '幸運韓賭快手 Lucky Korean Quick Hand', 2330, 1, 2330, NULL, NULL),
(67, 202400042, 234, '迷霧之城 City of Mist', 1700, 1, 1700, NULL, NULL),
(68, 202400043, 201, '龍之遺跡 Dragon’s Legacy', 1280, 1, 1280, NULL, NULL),
(69, 202400043, 207, '詭異時光錶 Eerie Hourglass', 1580, 1, 1580, NULL, NULL),
(70, 202400043, 215, '靈異審判 Spectral Tribunal', 2250, 1, 2250, NULL, NULL),
(71, 202400043, 272, '幸運韓賭快手 Lucky Korean Quick Hand', 2330, 1, 2330, NULL, NULL),
(72, 202400043, 234, '迷霧之城 City of Mist', 1700, 1, 1700, NULL, NULL),
(73, 202400044, 281, '越南探險隊 Vietnam Adventure Squad', 1670, 1, 1670, NULL, NULL),
(74, 202400044, 219, '海嘯求生 Tsunami Survival', 1770, 1, 1770, NULL, NULL),
(75, 202400044, 295, '麻吉動物派對\nMagic Animal Party', 1580, 1, 1580, NULL, NULL),
(76, 202400044, 202, '幽靈船 Ghost Ship', 1540, 1, 1540, NULL, NULL),
(77, 202400044, 243, '台灣魔法學院 Taiwan Magic Academy', 1500, 1, 1500, NULL, NULL),
(78, 202400045, 201, '龍之遺跡 Dragon’s Legacy', 1280, 1, 1280, NULL, NULL),
(79, 202400045, 202, '幽靈船 Ghost Ship', 1540, 1, 1540, NULL, NULL),
(80, 202400046, 201, '龍之遺跡 Dragon’s Legacy', 1280, 1, 1280, NULL, NULL),
(81, 202400046, 202, '幽靈船 Ghost Ship', 1540, 1, 1540, NULL, NULL),
(82, 202400047, 203, '奇幻競技場 Fantasy Arena', 2060, 1, 2060, NULL, NULL),
(83, 202400047, 204, '時光迷宮 Chrono Labyrinth', 2400, 1, 2400, NULL, NULL),
(84, 202400048, 203, '奇幻競技場 Fantasy Arena', 2060, 1, 2060, NULL, NULL),
(85, 202400048, 204, '時光迷宮 Chrono Labyrinth', 2400, 1, 2400, NULL, NULL),
(86, 202400049, 203, '奇幻競技場 Fantasy Arena', 2060, 1, 2060, NULL, NULL),
(87, 202400049, 204, '時光迷宮 Chrono Labyrinth', 2400, 1, 2400, NULL, NULL),
(88, 202400050, 203, '奇幻競技場 Fantasy Arena', 2060, 1, 2060, NULL, NULL),
(89, 202400050, 204, '時光迷宮 Chrono Labyrinth', 2400, 1, 2400, NULL, NULL),
(90, 202400051, 203, '奇幻競技場 Fantasy Arena', 2060, 1, 2060, NULL, NULL),
(91, 202400051, 204, '時光迷宮 Chrono Labyrinth', 2400, 1, 2400, NULL, NULL),
(92, 202400052, 202, '幽靈船 Ghost Ship', 1540, 1, 1540, NULL, NULL),
(93, 202400052, 201, '龍之遺跡 Dragon’s Legacy', 1280, 1, 1280, NULL, NULL),
(94, 202400053, 202, '幽靈船 Ghost Ship', 1540, 1, 1540, NULL, NULL),
(95, 202400053, 201, '龍之遺跡 Dragon’s Legacy', 1280, 1, 1280, NULL, NULL),
(96, 202400054, 202, '幽靈船 Ghost Ship', 1540, 1, 1540, NULL, NULL),
(97, 202400054, 201, '龍之遺跡 Dragon’s Legacy', 1280, 1, 1280, NULL, NULL),
(98, 202400055, 202, '幽靈船 Ghost Ship', 1540, 1, 1540, NULL, NULL),
(99, 202400055, 201, '龍之遺跡 Dragon’s Legacy', 1280, 1, 1280, NULL, NULL),
(100, 202400055, 204, '時光迷宮 Chrono Labyrinth', 2400, 1, 2400, NULL, NULL),
(101, 202400055, 203, '奇幻競技場 Fantasy Arena', 2060, 1, 2060, NULL, NULL),
(102, 202400056, 202, '幽靈船 Ghost Ship', 1540, 1, 1540, NULL, NULL),
(103, 202400056, 201, '龍之遺跡 Dragon’s Legacy', 1280, 1, 1280, NULL, NULL),
(104, 202400056, 204, '時光迷宮 Chrono Labyrinth', 2400, 1, 2400, NULL, NULL),
(105, 202400056, 203, '奇幻競技場 Fantasy Arena', 2060, 1, 2060, NULL, NULL),
(106, 202400057, 202, '幽靈船 Ghost Ship', 1540, 1, 1540, NULL, NULL),
(107, 202400057, 201, '龍之遺跡 Dragon’s Legacy', 1280, 1, 1280, NULL, NULL),
(108, 202400057, 206, '魔法餐廳 Enchanted Bistro', 1100, 1, 1100, NULL, NULL),
(109, 202400057, 205, '魔法糖果工廠 Enchanted Candy Factory', 1820, 1, 1820, NULL, NULL),
(110, 202400058, 202, '幽靈船 Ghost Ship', 1540, 1, 1540, NULL, NULL),
(111, 202400058, 203, '奇幻競技場 Fantasy Arena', 2060, 1, 2060, NULL, NULL),
(112, 202400058, 206, '魔法餐廳 Enchanted Bistro', 1100, 1, 1100, NULL, NULL),
(113, 202400058, 258, '熱血密碼 Code of Passion', 2140, 1, 2140, NULL, NULL),
(114, 202400059, 285, '幽靈派對 Ghost Party', 1200, 1, 1200, NULL, NULL),
(115, 202400059, 244, '英格蘭可愛工廠 England Cute Factory', 1200, 1, 1200, NULL, NULL),
(116, 202400059, 280, '象寶探險隊 Jumbo\'s Adventure Squad\n\n\n', 1250, 1, 1250, NULL, NULL),
(117, 202400059, 233, '泡菜航運 Kimchi Shipping', 1350, 1, 1350, NULL, NULL),
(118, 202400060, 203, '奇幻競技場 Fantasy Arena', 2060, 2, 4120, NULL, NULL),
(119, 202400060, 208, '笑話大亂鬥 Joke Brawl', 1700, 1, 1700, NULL, NULL),
(120, 202400060, 232, '京都商道 Kyoto Commerce', 1440, 1, 1440, NULL, NULL),
(121, 202400060, 257, '熱血變色龍 Chameleon of Passion', 2100, 1, 2100, NULL, NULL),
(122, 202400060, 274, '袋鼠藏匿 Kangaroo Hideout', 2010, 1, 2010, NULL, NULL),
(123, 202400061, 298, '夏威夷小昆蟲派對\nHawaiian Bug Party\n', 1650, 1, 1650, NULL, NULL),
(124, 202400061, 244, '英格蘭可愛工廠 England Cute Factory', 1200, 1, 1200, NULL, NULL),
(125, 202400061, 255, '熱血逃亡 Passionate Escape', 2390, 1, 2390, NULL, NULL),
(126, 202400061, 257, '熱血變色龍 Chameleon of Passion', 2100, 4, 8400, NULL, NULL),
(127, 202400062, 202, '幽靈船 Ghost Ship', 1540, 1, 1540, NULL, NULL),
(128, 202400063, 203, '奇幻競技場 Fantasy Arena', 2060, 1, 2060, NULL, NULL),
(129, 202400064, 203, '奇幻競技場 Fantasy Arena', 2060, 1, 2060, NULL, NULL),
(130, 202400065, 203, '奇幻競技場 Fantasy Arena', 2060, 1, 2060, NULL, NULL),
(131, 202400065, 201, '龍之遺跡 Dragon’s Legacy', 1280, 1, 1280, NULL, NULL),
(132, 202400065, 206, '魔法餐廳 Enchanted Bistro', 1100, 1, 1100, NULL, NULL),
(133, 202400065, 207, '詭異時光錶 Eerie Hourglass', 1580, 1, 1580, NULL, NULL),
(134, 202400066, 203, '奇幻競技場 Fantasy Arena', 2060, 1, 2060, NULL, NULL),
(135, 202400066, 201, '龍之遺跡 Dragon’s Legacy', 1280, 1, 1280, NULL, NULL),
(136, 202400066, 206, '魔法餐廳 Enchanted Bistro', 1100, 1, 1100, NULL, NULL),
(137, 202400066, 207, '詭異時光錶 Eerie Hourglass', 1580, 1, 1580, NULL, NULL),
(138, 202400067, 247, '台灣偶像種田 Taiwan Idol Farmers', 1850, 2, 3700, NULL, NULL),
(139, 202400067, 276, '南極冒險 Antarctic Adventure', 2240, 1, 2240, NULL, NULL),
(140, 202400067, 203, '奇幻競技場 Fantasy Arena', 2060, 2, 4120, NULL, NULL),
(141, 202400067, 214, '克蘇魯的遺產 Cthulhu’s Legacy', 1780, 1, 1780, NULL, NULL),
(142, 202400067, 226, ' 古城遺跡 Ruins of the Ancient City', 2790, 1, 2790, NULL, NULL),
(143, 202400067, 237, '泰國奇幻家園 Thai Fantasy Homestead', 2800, 1, 2800, NULL, NULL),
(144, 202400068, 218, '黑暗陰謀 Dark Conspiracy', 2320, 1, 2320, NULL, NULL),
(145, 202400068, 201, '龍之遺跡 Dragon’s Legacy', 1280, 1, 1280, NULL, NULL),
(146, 202400068, 247, '台灣偶像種田 Taiwan Idol Farmers', 1850, 4, 7400, NULL, NULL),
(147, 202400069, 214, '克蘇魯的遺產 Cthulhu’s Legacy', 1780, 1, 1780, NULL, NULL),
(148, 202400069, 234, '迷霧之城 City of Mist', 1700, 1, 1700, NULL, NULL),
(149, 202400069, 233, '泡菜航運 Kimchi Shipping', 1350, 1, 1350, NULL, NULL),
(150, 202400069, 202, '幽靈船 Ghost Ship', 1540, 1, 1540, NULL, NULL),
(151, 202400070, 235, '台灣電力奇幻之旅 Taiwan\'s Magical Power Journey', 1600, 1, 1600, NULL, NULL),
(152, 202400070, 236, '智慧之路 Path of Wisdom', 1500, 1, 1500, NULL, NULL),
(153, 202400070, 221, '影像獵手 Image Hunter', 1510, 3, 4530, NULL, NULL),
(154, 202400070, 232, '京都商道 Kyoto Commerce', 1440, 1, 1440, NULL, NULL),
(155, 202400071, 202, '幽靈船 Ghost Ship', 1540, 1, 1540, NULL, NULL),
(156, 202400071, 207, '詭異時光錶 Eerie Hourglass', 1580, 1, 1580, NULL, NULL),
(157, 202400071, 240, '明治武士之道 The Way of the Meiji Samurai', 2760, 1, 2760, NULL, NULL),
(158, 202400071, 203, '奇幻競技場 Fantasy Arena', 2060, 1, 2060, NULL, NULL),
(159, 202400071, 276, '南極冒險 Antarctic Adventure', 2240, 1, 2240, NULL, NULL),
(160, 202400072, 202, '幽靈船 Ghost Ship', 1540, 1, 1540, NULL, NULL),
(161, 202400072, 207, '詭異時光錶 Eerie Hourglass', 1580, 1, 1580, NULL, NULL),
(162, 202400072, 240, '明治武士之道 The Way of the Meiji Samurai', 2760, 1, 2760, NULL, NULL),
(163, 202400072, 203, '奇幻競技場 Fantasy Arena', 2060, 1, 2060, NULL, NULL),
(164, 202400072, 276, '南極冒險 Antarctic Adventure', 2240, 1, 2240, NULL, NULL),
(165, 202400073, 256, '熱血漁獵 Fierce Fish Frenzy', 2790, 1, 2790, NULL, NULL),
(166, 202400073, 274, '袋鼠藏匿 Kangaroo Hideout', 2010, 1, 2010, NULL, NULL),
(167, 202400073, 276, '南極冒險 Antarctic Adventure', 2240, 1, 2240, NULL, NULL),
(168, 202400073, 232, '京都商道 Kyoto Commerce', 1440, 1, 1440, NULL, NULL),
(169, 202400074, 234, '迷霧之城 City of Mist', 1700, 1, 1700, NULL, NULL),
(170, 202400074, 298, '夏威夷小昆蟲派對\nHawaiian Bug Party\n', 1650, 1, 1650, NULL, NULL),
(171, 202400074, 235, '台灣電力奇幻之旅 Taiwan\'s Magical Power Journey', 1600, 1, 1600, NULL, NULL),
(172, 202400074, 276, '南極冒險 Antarctic Adventure', 2240, 1, 2240, NULL, NULL),
(173, 202400075, 234, '迷霧之城 City of Mist', 1700, 1, 1700, NULL, NULL),
(174, 202400075, 260, '夢幻大正 Dreamy Taisho', 2170, 1, 2170, NULL, NULL),
(175, 202400075, 202, '幽靈船 Ghost Ship', 1540, 2, 3080, NULL, NULL),
(176, 202400075, 247, '台灣偶像種田 Taiwan Idol Farmers', 1850, 1, 1850, NULL, NULL),
(177, 202400076, 203, '奇幻競技場 Fantasy Arena', 2060, 1, 2060, NULL, NULL),
(178, 202400077, 203, '奇幻競技場 Fantasy Arena', 2060, 1, 2060, NULL, NULL),
(179, 202400078, 234, '迷霧之城 City of Mist', 1700, 1, 1700, NULL, NULL),
(180, 202400078, 235, '台灣電力奇幻之旅 Taiwan\'s Magical Power Journey', 1600, 1, 1600, NULL, NULL),
(181, 202400078, 255, '熱血逃亡 Passionate Escape', 2390, 1, 2390, NULL, NULL),
(182, 202400078, 247, '台灣偶像種田 Taiwan Idol Farmers', 1850, 1, 1850, NULL, NULL),
(183, 202400079, 234, '迷霧之城 City of Mist', 1700, 1, 1700, NULL, NULL),
(184, 202400079, 235, '台灣電力奇幻之旅 Taiwan\'s Magical Power Journey', 1600, 1, 1600, NULL, NULL),
(185, 202400079, 255, '熱血逃亡 Passionate Escape', 2390, 1, 2390, NULL, NULL),
(186, 202400079, 247, '台灣偶像種田 Taiwan Idol Farmers', 1850, 1, 1850, NULL, NULL),
(187, 202400080, 202, '幽靈船 Ghost Ship', 1540, 1, 1540, NULL, NULL),
(188, 202400081, 234, '迷霧之城 City of Mist', 1700, 1, 1700, NULL, NULL),
(189, 202400081, 235, '台灣電力奇幻之旅 Taiwan\'s Magical Power Journey', 1600, 1, 1600, NULL, NULL),
(190, 202400081, 247, '台灣偶像種田 Taiwan Idol Farmers', 1850, 2, 3700, NULL, NULL),
(191, 202400082, 202, '幽靈船 Ghost Ship', 1540, 1, 1540, NULL, NULL),
(192, 202400083, 202, '幽靈船 Ghost Ship', 1540, 2, 3080, NULL, NULL),
(193, 202400084, 201, '龍之遺跡 Dragon’s Legacy', 1280, 1, 1280, NULL, NULL),
(194, 202400085, 201, '龍之遺跡 Dragon’s Legacy', 1280, 7, 8960, NULL, NULL);

-- --------------------------------------------------------

--
-- 資料表結構 `prod_ord_list`
--

CREATE TABLE `prod_ord_list` (
  `ord_id` int NOT NULL,
  `ord_date` datetime NOT NULL DEFAULT CURRENT_TIMESTAMP,
  `user_id` int NOT NULL,
  `ord_total` int NOT NULL,
  `ord_pay` tinyint(1) NOT NULL,
  `ord_recipient_name` varchar(255) NOT NULL,
  `ord_contact_number` varchar(255) NOT NULL,
  `ord_contact_address` varchar(255) NOT NULL
) ENGINE=InnoDB DEFAULT CHARSET=utf8mb4 COLLATE=utf8mb4_0900_ai_ci COMMENT='商品訂單列表';

--
-- 傾印資料表的資料 `prod_ord_list`
--

INSERT INTO `prod_ord_list` (`ord_id`, `ord_date`, `user_id`, `ord_total`, `ord_pay`, `ord_recipient_name`, `ord_contact_number`, `ord_contact_address`) VALUES
(1, '2024-09-15 00:00:00', 2024001, 6000, 1, '陳家豪', '0919338523', '臺中市豐原區三村路27號'),
(2, '2024-10-07 10:09:15', 2024001, 15000, 1, '陳家豪', '0919338523', '臺中市豐原區三村路27號'),
(3, '2024-10-07 10:16:40', 2024001, 2200, 1, '陳家豪', '0919338523', '臺中市豐原區三村路27號'),
(4, '2024-10-09 16:13:10', 2024001, 2200, 1, '陳家豪', '0919338523', '臺中市豐原區三村路27號'),
(5, '2024-10-09 16:17:59', 2024001, 2200, 1, '陳家豪', '0919338523', '臺中市豐原區三村路27號'),
(6, '2024-10-09 16:18:00', 2024001, 2200, 1, '陳家豪', '0919338523', '臺中市豐原區三村路27號'),
(7, '2024-10-09 16:18:00', 2024001, 2200, 1, '陳家豪', '0919338523', '臺中市豐原區三村路27號'),
(8, '2024-10-09 16:18:01', 2024001, 2200, 1, '陳家豪', '0919338523', '臺中市豐原區三村路27號'),
(9, '2024-10-09 16:18:01', 2024001, 2200, 1, '陳家豪', '0919338523', '臺中市豐原區三村路27號'),
(10, '2024-10-09 16:18:01', 2024001, 2200, 1, '陳家豪', '0919338523', '臺中市豐原區三村路27號'),
(11, '2024-10-09 16:26:10', 2024001, 2200, 1, '陳家豪', '0919338523', '臺中市豐原區三村路27號'),
(12, '2024-10-09 16:26:11', 2024001, 2200, 1, '陳家豪', '0919338523', '臺中市豐原區三村路27號'),
(13, '2024-10-09 16:26:11', 2024001, 2200, 1, '陳家豪', '0919338523', '臺中市豐原區三村路27號'),
(14, '2024-10-09 16:26:12', 2024001, 2200, 1, '陳家豪', '0919338523', '臺中市豐原區三村路27號'),
(15, '2024-10-09 23:38:40', 2024001, 15000, 0, '陳家豪', '0912312312', '台北市中山南路1111號'),
(202400016, '2024-10-10 07:23:06', 2024001, 15000, 0, '陳家豪', '0912312312', '台北市中山南路1111號'),
(202400017, '2024-10-10 08:55:20', 2024001, 15000, 0, '陳家豪', '0912312312', '台北市中山南路1111號'),
(202400018, '2024-10-10 10:08:34', 2024001, 15000, 0, '陳家豪', '0912312312', '台北市中山南路1111號'),
(202400019, '2024-10-10 10:09:46', 2024001, 15000, 0, '陳家豪', '0912312312', '台北市中山南路1111號'),
(202400020, '2024-10-10 10:12:42', 2024001, 15000, 0, '陳家豪', '0912312312', '台北市中山南路1111號'),
(202400021, '2024-10-10 10:37:30', 2024001, 15000, 0, '陳家豪', '0912312312', '台北市中山南路1111號'),
(202400022, '2024-10-10 10:45:38', 2024001, 15000, 0, '陳家豪', '0912312312', '台北市中山南路1111號'),
(202400023, '2024-10-10 10:46:20', 2024001, 15000, 0, '陳家豪', '0912312312', '台北市中山南路1111號'),
(202400024, '2024-10-10 11:06:01', 2024001, 15000, 0, '陳家豪', '0912312312', '台北市中山南路1111號'),
(202400025, '2024-10-10 11:13:12', 2024001, 15000, 0, '陳家豪', '0912312312', '台北市中山南路1111號'),
(202400026, '2024-10-10 11:13:41', 2024001, 15000, 0, '陳家豪', '0912312312', '台北市中山南路1111號'),
(202400027, '2024-10-10 11:15:43', 2024001, 15000, 0, '陳家豪', '0912312312', '台北市中山南路1111號'),
(202400028, '2024-10-10 11:22:31', 2024001, 15000, 0, '陳家豪', '0912312312', '台北市中山南路1111號'),
(202400029, '2024-10-10 11:22:32', 2024001, 15000, 0, '陳家豪', '0912312312', '台北市中山南路1111號'),
(202400030, '2024-10-10 12:08:59', 2024001, 15000, 0, '陳家豪', '0912312312', '台北市中山南路1111號'),
(202400031, '2024-10-10 12:10:47', 2024001, 15000, 0, '陳家豪', '0912312312', '台北市中山南路1111號'),
(202400032, '2024-10-10 12:11:14', 2024001, 15000, 0, '陳家豪', '0912312312', '台北市中山南路1111號'),
(202400033, '2024-10-10 12:13:12', 2024001, 15000, 0, '陳家豪', '0912312312', '台北市中山南路1111號'),
(202400034, '2024-10-10 12:13:46', 2024001, 15000, 0, '陳家豪', '0912312312', '台北市中山南路1111號'),
(202400035, '2024-10-10 12:37:03', 2024001, 15000, 0, '陳家豪', '0912312312', '台北市中山南路1111號'),
(202400036, '2024-10-10 12:37:54', 2024001, 15000, 0, '陳家豪', '0912312312', '台北市中山南路1111號'),
(202400037, '2024-10-10 12:38:43', 2024001, 15000, 0, '陳家豪', '0912312312', '台北市中山南路1111號'),
(202400038, '2024-10-10 12:39:35', 2024001, 15000, 0, '陳家豪', '0912312312', '台北市中山南路1111號'),
(202400039, '2024-10-10 12:40:33', 2024001, 15000, 0, '陳家豪', '0912312312', '台北市中山南路1111號'),
(202400040, '2024-10-10 12:48:20', 2024001, 9140, 0, '陳正雄', '0922981496', 'null'),
(202400041, '2024-10-10 12:51:32', 2024001, 9140, 0, '陳正雄', '0922981496', 'null'),
(202400042, '2024-10-10 12:52:10', 2024001, 9140, 0, '陳正雄', '0922981496', 'null'),
(202400043, '2024-10-10 12:52:42', 2024001, 9140, 0, '陳正雄', '0922981496', 'null'),
(202400044, '2024-10-10 17:52:31', 2024001, 8060, 0, '陳家豪', '0919338523', '臺中市豐原區三村路27號'),
(202400045, '2024-10-10 17:56:38', 2024001, 2820, 0, '陳家豪', '0919338523', '臺中市豐原區三村路27號'),
(202400046, '2024-10-10 17:56:39', 2024001, 2820, 0, '陳家豪', '0919338523', '臺中市豐原區三村路27號'),
(202400047, '2024-10-10 19:00:45', 2024001, 4460, 0, '陳家豪', '0919338523', '臺中市豐原區三村路27號'),
(202400048, '2024-10-10 19:01:19', 2024001, 4460, 0, '陳家豪', '0919338523', '臺中市豐原區三村路27號'),
(202400049, '2024-10-10 19:01:21', 2024001, 4460, 0, '陳家豪', '0919338523', '臺中市豐原區三村路27號'),
(202400050, '2024-10-10 19:01:23', 2024001, 4460, 0, '陳家豪', '0919338523', '臺中市豐原區三村路27號'),
(202400051, '2024-10-10 19:01:23', 2024001, 4460, 0, '陳家豪', '0919338523', '臺中市豐原區三村路27號'),
(202400052, '2024-10-10 21:19:50', 2024001, 2820, 0, '陳家豪', '0919338523', '臺中市豐原區三村路27號'),
(202400053, '2024-10-10 21:23:55', 2024001, 2820, 0, '陳家豪', '0919338523', '臺中市豐原區三村路27號'),
(202400054, '2024-10-10 21:27:11', 2024001, 2820, 0, '陳家豪', '0919338523', '臺中市豐原區三村路27號'),
(202400055, '2024-10-10 21:30:50', 2024001, 7280, 0, '陳家豪', '0919338523', '臺中市豐原區三村路27號'),
(202400056, '2024-10-10 21:32:32', 2024001, 7280, 0, '陳家豪', '0919338523', '臺中市豐原區三村路27號'),
(202400057, '2024-10-10 21:45:28', 2024001, 5740, 0, '陳家豪', '0919338523', '臺中市豐原區三村路27號'),
(202400058, '2024-10-10 21:47:02', 2024001, 6840, 1, '陳家豪', '0919338523', '臺中市豐原區三村路27號'),
(202400059, '2024-10-10 22:06:03', 2024001, 5000, 1, '陳家豪', '0919338523', '臺中市豐原區三村路27號'),
(202400060, '2024-10-11 09:47:29', 2024001, 11370, 1, '陳家豪', '0919338523', '臺中市豐原區三村路27號'),
(202400061, '2024-10-11 11:24:48', 2024001, 13640, 1, '陳家豪', '0919338523', '臺中市豐原區三村路27號'),
(202400062, '2024-10-11 23:22:55', 2024001, 1540, 1, '陳家豪', '0919338523', '臺中市豐原區三村路27號'),
(202400063, '2024-10-12 00:07:43', 2024029, 2060, 0, '深上枚友前', '0929338427', '台中市南屯區公益路二段51號18樓'),
(202400064, '2024-10-12 00:08:03', 2024029, 2060, 0, '粉穗幸谷哲', '0912438523', '台北市復興南路一段390號2樓'),
(202400065, '2024-10-12 00:08:44', 2024029, 6020, 0, '粉穗幸谷哲', '0912438523', '台北市復興南路一段390號2樓'),
(202400066, '2024-10-12 00:10:29', 2024029, 6020, 0, '粉穗幸谷哲', '0912438523', '台北市復興南路一段390號2樓'),
(202400067, '2024-10-12 23:18:53', 2024029, 17430, 1, '粉穗幸谷哲', '0912438523', '台北市復興南路一段390號2樓'),
(202400068, '2024-10-12 23:42:20', 2024029, 11000, 1, '粉穗幸谷哲', '0912438523', '台北市復興南路一段390號2樓'),
(202400069, '2024-10-13 20:39:22', 2024029, 6370, 1, '粉穗幸谷哲', '0912438523', '台北市復興南路一段390號2樓'),
(202400070, '2024-10-14 15:39:22', 2024001, 9070, 1, '陳家豪', '0919338523', '臺中市豐原區三村路27號'),
(202400071, '2024-10-15 21:49:07', 2024029, 10180, 0, '粉穗幸谷哲', '0912438523', '台北市復興南路一段390號2樓'),
(202400072, '2024-10-15 21:49:16', 2024029, 10180, 1, '', '', ''),
(202400073, '2024-10-15 22:32:44', 2024001, 8480, 1, '陳正雄', '0922981496', '臺中市南屯區公益路二段51號18樓'),
(202400074, '2024-10-16 11:11:51', 2024001, 7190, 1, '陳家豪', '0919338523', '臺中市豐原區三村路27號'),
(202400075, '2024-10-16 12:13:32', 2024001, 8800, 1, '陳美麗', '0929338427', '高雄市前金區中正四路211號8樓'),
(202400076, '2024-10-16 15:20:49', 2024001, 2060, 0, '陳家豪', '0919338523', '臺中市豐原區三村路27號'),
(202400077, '2024-10-16 15:21:15', 2024001, 2060, 0, '', '', ''),
(202400078, '2024-10-17 11:52:59', 2024001, 7540, 0, '陳美麗', '0929338427', '高雄市前金區中正四路211號8樓'),
(202400079, '2024-10-17 11:53:47', 2024001, 7540, 1, '陳美麗', '0929338427', '高雄市前金區中正四路211號8樓'),
(202400080, '2024-10-18 09:23:34', 2024001, 1540, 1, '陳家豪', '0919338523', '臺中市豐原區三村路27號'),
(202400081, '2024-10-18 11:51:47', 2024001, 7000, 1, '陳美麗', '0929338427', '高雄市前金區中正四路211號8樓'),
(202400082, '2024-10-26 06:36:45', 2024001, 1540, 0, '', '', ''),
(202400083, '2024-10-26 06:37:25', 2024001, 3080, 0, '', '', ''),
(202400084, '2024-10-30 23:03:30', 2024001, 1280, 1, '陳正雄', '0922981496', '臺中市南屯區公益路二段51號18樓'),
(202400085, '2024-10-30 23:04:46', 2024001, 8960, 1, '陳家豪', '0919338523', '臺中市豐原區三村路27號');

-- --------------------------------------------------------

--
-- 資料表結構 `prod_tag`
--

CREATE TABLE `prod_tag` (
  `prod_tag_id` int NOT NULL,
  `id` int NOT NULL,
  `tag_id` int NOT NULL
) ENGINE=InnoDB DEFAULT CHARSET=utf8mb4 COLLATE=utf8mb4_0900_ai_ci COMMENT='商品類別列表';

--
-- 傾印資料表的資料 `prod_tag`
--

INSERT INTO `prod_tag` (`prod_tag_id`, `id`, `tag_id`) VALUES
(1, 201, 3),
(2, 201, 59),
(3, 201, 60),
(4, 202, 7),
(5, 202, 56),
(6, 202, 60),
(7, 203, 1),
(8, 203, 31),
(9, 203, 43),
(10, 204, 7),
(11, 204, 49),
(12, 204, 63),
(13, 205, 1),
(14, 205, 30),
(15, 205, 67),
(16, 206, 3),
(17, 206, 43),
(18, 206, 65),
(19, 207, 10),
(20, 207, 11),
(21, 207, 16),
(22, 208, 26),
(23, 208, 30),
(24, 208, 35),
(25, 209, 1),
(26, 209, 45),
(27, 209, 67),
(28, 210, 3),
(29, 210, 31),
(30, 210, 33),
(31, 211, 5),
(32, 211, 51),
(33, 211, 52),
(34, 212, 11),
(35, 212, 25),
(36, 212, 44),
(37, 213, 6),
(38, 213, 25),
(39, 213, 47),
(40, 214, 15),
(41, 214, 23),
(42, 214, 60),
(43, 215, 9),
(44, 215, 14),
(45, 215, 58),
(46, 216, 2),
(47, 216, 3),
(48, 216, 64),
(49, 217, 28),
(50, 217, 42),
(51, 217, 45),
(52, 218, 6),
(53, 218, 24),
(54, 218, 47),
(55, 219, 8),
(56, 219, 36),
(57, 219, 48),
(58, 220, 5),
(59, 220, 29),
(60, 220, 44),
(61, 221, 1),
(62, 221, 30),
(63, 221, 43),
(64, 222, 6),
(65, 222, 47),
(66, 222, 52),
(67, 223, 11),
(68, 223, 39),
(69, 223, 60),
(70, 224, 16),
(71, 224, 25),
(72, 224, 49),
(73, 225, 7),
(74, 225, 28),
(75, 225, 38),
(76, 226, 14),
(77, 226, 16),
(78, 226, 68),
(79, 227, 28),
(80, 227, 44),
(81, 227, 52),
(82, 228, 28),
(83, 228, 42),
(84, 228, 64),
(85, 229, 29),
(86, 229, 31),
(87, 229, 35),
(88, 230, 4),
(89, 230, 10),
(90, 230, 28),
(91, 231, 30),
(92, 231, 35),
(93, 231, 67),
(94, 232, 28),
(95, 232, 38),
(96, 232, 42),
(97, 233, 39),
(98, 233, 42),
(99, 233, 52),
(100, 234, 39),
(101, 234, 42),
(102, 234, 52),
(103, 235, 30),
(104, 235, 38),
(105, 235, 64),
(106, 236, 16),
(107, 236, 28),
(108, 236, 43),
(109, 237, 1),
(110, 237, 42),
(111, 237, 43),
(112, 238, 2),
(113, 238, 7),
(114, 238, 42),
(115, 239, 28),
(116, 239, 30),
(117, 239, 38),
(118, 240, 38),
(119, 240, 42),
(120, 240, 43),
(121, 241, 2),
(122, 241, 39),
(123, 241, 42),
(124, 242, 2),
(125, 242, 3),
(126, 242, 36),
(127, 243, 3),
(128, 243, 39),
(129, 243, 52),
(130, 244, 4),
(131, 244, 38),
(132, 244, 40),
(133, 245, 26),
(134, 245, 35),
(135, 245, 37),
(136, 246, 26),
(137, 246, 38),
(138, 246, 46),
(139, 247, 37),
(140, 247, 39),
(141, 247, 46),
(142, 248, 38),
(143, 248, 39),
(144, 248, 40),
(145, 249, 34),
(146, 249, 42),
(147, 249, 52),
(148, 250, 28),
(149, 250, 42),
(150, 250, 43),
(151, 251, 43),
(152, 251, 44),
(153, 251, 52),
(154, 252, 30),
(155, 252, 52),
(156, 252, 64),
(157, 253, 30),
(158, 253, 35),
(159, 253, 36),
(160, 254, 2),
(161, 254, 31),
(162, 254, 64),
(163, 255, 28),
(164, 255, 48),
(165, 255, 53),
(166, 256, 7),
(167, 256, 31),
(168, 256, 42),
(169, 257, 31),
(170, 257, 42),
(171, 257, 52),
(172, 258, 4),
(173, 258, 36),
(174, 258, 52),
(175, 259, 28),
(176, 259, 32),
(177, 259, 36),
(178, 260, 25),
(179, 260, 26),
(180, 260, 30),
(181, 261, 26),
(182, 261, 30),
(183, 261, 69),
(184, 262, 2),
(185, 262, 4),
(186, 262, 36),
(187, 263, 31),
(188, 263, 42),
(189, 263, 52),
(190, 264, 34),
(191, 264, 38),
(192, 264, 42),
(193, 265, 10),
(194, 265, 39),
(195, 265, 48),
(196, 266, 1),
(197, 266, 11),
(198, 266, 50),
(199, 267, 38),
(200, 267, 39),
(201, 267, 42),
(202, 268, 10),
(203, 268, 35),
(204, 268, 36),
(205, 269, 26),
(206, 269, 43),
(207, 269, 69),
(208, 270, 13),
(209, 270, 38),
(210, 270, 39),
(211, 271, 26),
(212, 271, 30),
(213, 271, 37),
(214, 272, 30),
(215, 272, 35),
(216, 272, 69),
(217, 273, 25),
(218, 273, 28),
(219, 273, 42),
(220, 274, 2),
(221, 274, 42),
(222, 274, 45),
(223, 275, 42),
(224, 275, 43),
(225, 275, 45),
(226, 276, 28),
(227, 276, 30),
(228, 276, 35),
(229, 277, 2),
(230, 277, 14),
(231, 277, 35),
(232, 278, 11),
(233, 278, 28),
(234, 278, 52),
(235, 279, 32),
(236, 279, 41),
(237, 279, 42),
(238, 280, 30),
(239, 280, 63),
(240, 280, 67),
(241, 281, 2),
(242, 281, 33),
(243, 281, 38),
(244, 282, 7),
(245, 282, 28),
(246, 282, 39),
(247, 283, 7),
(248, 283, 38),
(249, 283, 42),
(250, 284, 26),
(251, 284, 31),
(252, 284, 42),
(253, 285, 26),
(254, 285, 30),
(255, 285, 56),
(256, 286, 26),
(257, 286, 52),
(258, 286, 53),
(259, 287, 26),
(260, 287, 49),
(261, 287, 64),
(262, 288, 28),
(263, 288, 42),
(264, 288, 48),
(265, 289, 45),
(266, 289, 51),
(267, 289, 55),
(268, 290, 15),
(269, 290, 38),
(270, 290, 52),
(271, 291, 28),
(272, 291, 42),
(273, 291, 44),
(274, 292, 35),
(275, 292, 36),
(276, 292, 43),
(277, 293, 28),
(278, 293, 39),
(279, 293, 42),
(280, 294, 28),
(281, 294, 37),
(282, 294, 52),
(283, 295, 30),
(284, 295, 36),
(285, 295, 50),
(286, 296, 2),
(287, 296, 3),
(288, 296, 49),
(289, 297, 26),
(290, 297, 30),
(291, 297, 37),
(292, 298, 30),
(293, 298, 35),
(294, 298, 67),
(295, 299, 38),
(296, 299, 39),
(297, 299, 64),
(298, 300, 16),
(299, 300, 28),
(300, 300, 49);

-- --------------------------------------------------------

--
-- 資料表結構 `recipient_info`
--

CREATE TABLE `recipient_info` (
  `recipient_id` int NOT NULL COMMENT 'AUTO_INCREMENT',
  `user_id` int NOT NULL,
  `product_delivery` varchar(255) NOT NULL,
  `postal_code` varchar(255) DEFAULT NULL,
  `address` varchar(255) DEFAULT NULL,
  `recipient` varchar(255) DEFAULT NULL,
  `contact_number` varchar(255) DEFAULT NULL,
  `store_firm` varchar(255) DEFAULT NULL,
  `store_id` int DEFAULT NULL,
  `note` varchar(255) DEFAULT NULL,
  `default` tinyint(1) DEFAULT NULL
) ENGINE=InnoDB DEFAULT CHARSET=utf8mb4 COLLATE=utf8mb4_0900_ai_ci;

--
-- 傾印資料表的資料 `recipient_info`
--

INSERT INTO `recipient_info` (`recipient_id`, `user_id`, `product_delivery`, `postal_code`, `address`, `recipient`, `contact_number`, `store_firm`, `store_id`, `note`, `default`) VALUES
(1, 2024001, '宅配', '42047', '臺中市豐原區三村路27號', '陳家豪', '0919338523', NULL, NULL, '包裹放收發室，請勿按門鈴，狗會狂叫', 1),
(2, 2024001, '宅配', '40861', '臺中市南屯區公益路二段51號18樓', '陳正雄', '0922981496', NULL, 262204, '請放置管理室，謝謝', 0),
(4, 2024001, '宅配', '80147', '高雄市前金區中正四路211號8樓', '陳美麗', '0929338427', NULL, 18346, '請放置管理室，並請管理室通知取貨，謝謝', 0),
(5, 2024029, '宅配', '10656', '台北市復興南路一段390號2樓', '粉穗幸谷哲', '0912438523', NULL, NULL, '請小心運送，謝謝', 0),
(6, 2024029, '宅配', '40861', '台中市南屯區公益路二段51號18樓', '深上枚友前', '0929338427', NULL, NULL, '請放置管理室，謝謝', 0),
(7, 2024029, '宅配', '80147', '高雄市前金區中正四路211號8樓', '五十嵐真貴', '0929548427', NULL, NULL, '請放置管理室，並請管理室通知取貨，謝謝', 0);

-- --------------------------------------------------------

--
-- 資料表結構 `tag_list`
--

CREATE TABLE `tag_list` (
  `tag_id` int NOT NULL,
  `tag_name` varchar(45) NOT NULL
) ENGINE=InnoDB DEFAULT CHARSET=utf8mb4 COLLATE=utf8mb4_0900_ai_ci;

--
-- 傾印資料表的資料 `tag_list`
--

INSERT INTO `tag_list` (`tag_id`, `tag_name`) VALUES
(1, '奇幻'),
(2, '冒險'),
(3, '魔法'),
(4, '科幻'),
(5, '驚悚'),
(6, '懸疑'),
(7, '海洋'),
(8, '恐怖'),
(9, '靈異'),
(10, '探險'),
(11, '解謎'),
(12, '實驗'),
(13, '孤立'),
(14, '神秘'),
(15, '超自然'),
(16, '歷史冒險'),
(17, '古典謎題'),
(18, '奢華'),
(19, '哥特'),
(20, '極地冒險'),
(21, '蒸汽龐克'),
(22, '時空'),
(23, '心理驚悚'),
(24, '都市傳說'),
(25, '推理'),
(26, '歡樂'),
(27, '辯論'),
(28, '競爭'),
(29, '隱藏身份'),
(30, '親子'),
(31, '戰鬥'),
(32, '賭博'),
(33, '熱血'),
(34, '數學'),
(35, '輕鬆'),
(36, '運氣'),
(37, '農場'),
(38, '資源管理'),
(39, '資源收集'),
(40, '經濟'),
(41, '愛情'),
(42, '策略'),
(43, '創意'),
(44, '陰謀'),
(45, '動物'),
(46, '偶像'),
(47, '偵探'),
(48, '逃脫'),
(49, '迷宮'),
(50, '記憶'),
(51, '能源'),
(52, '計算'),
(53, '背叛'),
(54, '科技'),
(55, '建設'),
(56, '幽靈'),
(57, '社交'),
(58, '法術'),
(59, '怪獸'),
(60, '角色扮演'),
(61, '投資'),
(62, '死亡遊戲'),
(63, '收集'),
(64, '合作'),
(65, '交易'),
(66, '生存'),
(67, '可愛'),
(68, '古代文明'),
(69, '反應'),
(70, '中古世紀');

-- --------------------------------------------------------

--
-- 資料表結構 `user_info`
--

CREATE TABLE `user_info` (
  `user_id` int NOT NULL,
  `user_name` varchar(255) CHARACTER SET utf8mb4 COLLATE utf8mb4_0900_ai_ci NOT NULL,
  `email` varchar(255) CHARACTER SET utf8mb4 COLLATE utf8mb4_0900_ai_ci NOT NULL,
  `password` varchar(255) CHARACTER SET utf8mb4 COLLATE utf8mb4_0900_ai_ci NOT NULL,
  `real_name` varchar(255) CHARACTER SET utf8mb4 COLLATE utf8mb4_0900_ai_ci DEFAULT NULL,
  `nick_name` varchar(255) CHARACTER SET utf8mb4 COLLATE utf8mb4_0900_ai_ci DEFAULT NULL,
  `user_img` varchar(255) CHARACTER SET utf8mb4 COLLATE utf8mb4_0900_ai_ci DEFAULT NULL,
  `birthday` date DEFAULT NULL,
  `create_day` date NOT NULL,
  `last_date` date DEFAULT NULL,
  `qr_img` varchar(255) CHARACTER SET utf8mb4 COLLATE utf8mb4_0900_ai_ci DEFAULT NULL,
  `mobile` varchar(255) CHARACTER SET utf8mb4 COLLATE utf8mb4_0900_ai_ci DEFAULT NULL,
  `line_uid` varchar(255) CHARACTER SET utf8mb4 COLLATE utf8mb4_0900_ai_ci DEFAULT NULL,
  `google_uid` varchar(255) DEFAULT NULL,
  `total_spending` int NOT NULL DEFAULT '0',
  `gender` enum('male','female','nonbinary','prefer_not_say') DEFAULT NULL,
  `is_subscribed_personal` tinyint(1) DEFAULT '0',
  `is_subscribed_general` tinyint(1) DEFAULT '0'
) ENGINE=InnoDB DEFAULT CHARSET=utf8mb4 COLLATE=utf8mb4_0900_ai_ci;

--
-- 傾印資料表的資料 `user_info`
--

INSERT INTO `user_info` (`user_id`, `user_name`, `email`, `password`, `real_name`, `nick_name`, `user_img`, `birthday`, `create_day`, `last_date`, `qr_img`, `mobile`, `line_uid`, `google_uid`, `total_spending`, `gender`, `is_subscribed_personal`, `is_subscribed_general`) VALUES
(2024001, 'abigail6999', 'abigail6999@hotmail.com', '$2b$12$K14BkVJBCxu9czp0r5c97O1shwKhyabSmWGS4.h4PFRTvfsMfKVCu', '陳家豪', '新世紀福德哥哥', '2024001.jpg', '1970-09-10', '2024-07-21', '2024-07-25', '', '0919338523', 'abigail6999', NULL, 1500, 'nonbinary', 1, 1),
(2024002, 'michelle9875', 'michelle9875@gmail.com', '$2b$12$K14BkVJBCxu9czp0r5c97O1shwKhyabSmWGS4.h4PFRTvfsMfKVCu', '許書豪', '古力菲斯', 'http://ssl.gstatic.com/accounts/ui/avatar_2x.png', '1986-10-28', '2024-07-10', '2024-09-10', '', '0913687185', 'michelle9875', NULL, 0, NULL, 1, 0),
(2024003, 'gonzales_6011', 'gonzales_6011@gmail.com', '$2b$12$K14BkVJBCxu9czp0r5c97O1shwKhyabSmWGS4.h4PFRTvfsMfKVCu', '劉木森', '派克', 'http://ssl.gstatic.com/accounts/ui/avatar_2x.png', '1974-12-22', '2024-06-29', '2024-09-10', '', '0968696277', 'gonzales6011', NULL, 0, NULL, 0, 0),
(2024004, 'charles6175_eva', 'charles6175_eva@yahoo.com.tw', '$2b$12$K14BkVJBCxu9czp0r5c97O1shwKhyabSmWGS4.h4PFRTvfsMfKVCu', '洪昌瀚', '喀絲卡', 'http://ssl.gstatic.com/accounts/ui/avatar_2x.png', '1987-01-16', '2024-07-22', '2024-08-05', '', '0930440497', 'charles6175', NULL, 0, NULL, 0, 0),
(2024005, 'h1-hart8409', 'h1-hart8409@gmail.com', '$2b$12$K14BkVJBCxu9czp0r5c97O1shwKhyabSmWGS4.h4PFRTvfsMfKVCu', '蔡婉宜', '法露', 'http://ssl.gstatic.com/accounts/ui/avatar_2x.png', '2001-10-23', '2024-06-05', '2024-08-12', '', '0970927555', 'hart8409', NULL, 0, NULL, 0, 0),
(2024006, 'janna-6523-A1', 'janna-6523-A1@outlook.com', '$2b$12$K14BkVJBCxu9czp0r5c97O1shwKhyabSmWGS4.h4PFRTvfsMfKVCu', '廖淑惠', '賽路畢克', 'http://ssl.gstatic.com/accounts/ui/avatar_2x.png', '2009-01-12', '2024-07-01', '2024-07-02', '', '0982424074', 'janna65A1', NULL, 0, NULL, 0, 0),
(2024007, 'shelley556', 'shelley556@gmail.com', '$2b$12$K14BkVJBCxu9czp0r5c97O1shwKhyabSmWGS4.h4PFRTvfsMfKVCu', '韓宜鳳', '亞桑', 'http://ssl.gstatic.com/accounts/ui/avatar_2x.png', '1985-06-09', '2024-06-16', '2024-09-10', '', '0914064513', 'shelley556', NULL, 0, NULL, 0, 0),
(2024008, 'pamela_8113', 'pamela_8113@yahoo.com.tw', '$2b$12$K14BkVJBCxu9czp0r5c97O1shwKhyabSmWGS4.h4PFRTvfsMfKVCu', '郭堇翔', '伊西特羅', 'http://ssl.gstatic.com/accounts/ui/avatar_2x.png', '1967-04-30', '2024-07-03', '2024-09-29', '', '0970289357', 'pamela8113', NULL, 0, NULL, 0, 0),
(2024009, 'shelley_5560', 'shelley_5560@gmail.com', '$2b$12$K14BkVJBCxu9czp0r5c97O1shwKhyabSmWGS4.h4PFRTvfsMfKVCu', '王鴻', '希凱兒', 'http://ssl.gstatic.com/accounts/ui/avatar_2x.png', '1983-05-14', '2024-06-11', '2024-09-16', '', '0920839835', 'shelley5560', NULL, 0, NULL, 0, 0),
(2024010, 'lautner_95a46', 'lautner_95a46@icloud.com', '$2b$12$K14BkVJBCxu9czp0r5c97O1shwKhyabSmWGS4.h4PFRTvfsMfKVCu', '馬寶珠', '依巴蕾拉', 'http://ssl.gstatic.com/accounts/ui/avatar_2x.png', '1988-06-27', '2024-06-25', '2024-07-12', '', '0925219595', 'lautner95a46', NULL, 0, NULL, 0, 0),
(2024011, 'Griffin9881', 'Griffin9881@hotmail.com', '$2b$12$K14BkVJBCxu9czp0r5c97O1shwKhyabSmWGS4.h4PFRTvfsMfKVCu', '張婧瑞', '羅德里克', 'http://ssl.gstatic.com/accounts/ui/avatar_2x.png', '1996-09-21', '2024-07-13', '2024-09-18', '', '0908168880', 'Griffin9881', NULL, 0, NULL, 0, 0),
(2024012, 'blake4168', 'blake4168@yahoo.com.tw', '$2b$12$K14BkVJBCxu9czp0r5c97O1shwKhyabSmWGS4.h4PFRTvfsMfKVCu', '鄭懋馨', '洛克斯', 'http://ssl.gstatic.com/accounts/ui/avatar_2x.png', '1977-07-24', '2024-06-20', '2024-09-30', '', '0932575559', 'blake4168', NULL, 0, NULL, 0, 0),
(2024013, 'calder9249', 'calder9249@gmail.com', '$2b$12$K14BkVJBCxu9czp0r5c97O1shwKhyabSmWGS4.h4PFRTvfsMfKVCu', '張新華', '古倫貝路多', 'http://ssl.gstatic.com/accounts/ui/avatar_2x.png', '2002-01-02', '2024-07-03', '2024-10-01', '', '0961549938', 'calder9249', NULL, 0, NULL, 0, 0),
(2024014, 'garver4235', 'garver4235@gmail.com', '$2b$12$K14BkVJBCxu9czp0r5c97O1shwKhyabSmWGS4.h4PFRTvfsMfKVCu', '羅凡', '阿巴英', 'http://ssl.gstatic.com/accounts/ui/avatar_2x.png', '1993-06-14', '2024-06-02', '2024-06-15', '', '0911341901', 'garver4235', NULL, 0, NULL, 0, 0),
(2024015, 'vincent-6896', 'vincent-6896@gmail.com', '$2b$12$K14BkVJBCxu9czp0r5c97O1shwKhyabSmWGS4.h4PFRTvfsMfKVCu', '鄧小平', '波伊得', 'http://ssl.gstatic.com/accounts/ui/avatar_2x.png', '1983-03-04', '2024-06-14', '2024-06-22', '', '0979600262', 'vincent6896', NULL, 0, NULL, 0, 0),
(2024016, '8964_harmon', '8964_harmon@gmail.com', '$2b$12$K14BkVJBCxu9czp0r5c97O1shwKhyabSmWGS4.h4PFRTvfsMfKVCu', '劉惠', '康拉達', 'http://ssl.gstatic.com/accounts/ui/avatar_2x.png', '1994-06-03', '2024-06-05', '2024-09-10', '', '0916196432', '8964harmon', NULL, 0, NULL, 0, 0),
(2024017, '0401_garver4235', '0401_garver4235@gmail.com', '$2b$12$K14BkVJBCxu9czp0r5c97O1shwKhyabSmWGS4.h4PFRTvfsMfKVCu', '劉銘傳', '霜之哀傷', 'http://ssl.gstatic.com/accounts/ui/avatar_2x.png', '1997-09-18', '2024-06-27', '2024-09-17', '', '0968612788', 'garver4235', NULL, 0, NULL, 0, 0),
(2024018, 'aa_0985_aa', 'aa_0985_aa@yahoo.com.tw', '$2b$12$K14BkVJBCxu9czp0r5c97O1shwKhyabSmWGS4.h4PFRTvfsMfKVCu', '吳長慶', '臭臭束褲', 'http://ssl.gstatic.com/accounts/ui/avatar_2x.png', '2001-06-06', '2024-07-08', '2024-07-21', '', '0988924524', 'aa0985aa', NULL, 0, NULL, 0, 0),
(2024019, 'cecil3997', 'cecil3997@icloud.com', '$2b$12$K14BkVJBCxu9czp0r5c97O1shwKhyabSmWGS4.h4PFRTvfsMfKVCu', '賴文光', '勇敢盜賊', 'http://ssl.gstatic.com/accounts/ui/avatar_2x.png', '1985-08-20', '2024-06-09', '2024-08-05', '', '0917168168', 'cecil3997', NULL, 0, NULL, 0, 0),
(2024020, 'kelly1692', 'kelly1692@gmail.com', '$2b$12$K14BkVJBCxu9czp0r5c97O1shwKhyabSmWGS4.h4PFRTvfsMfKVCu', '鄒俊宥', '火之高興', 'http://ssl.gstatic.com/accounts/ui/avatar_2x.png', '2002-12-18', '2024-06-21', '2024-09-09', '', '0902728846', 'kelly1692', NULL, 0, NULL, 0, 0),
(2024026, '123111qqq', '123@12313', '$2b$10$iNXi4rznB.HNuv2rrUoASe57a.lE9Dg4taa43RnBcJyanu.1Xfp.2', NULL, NULL, NULL, NULL, '2024-10-11', NULL, NULL, NULL, NULL, NULL, 0, NULL, 0, 0),
(2024027, 'abcd123', 'HappyDOG123@gmail.com', '$2b$10$urjrFROZa0n8/thQW6SsHuirEApCdKjeF.b7xB3OOE02I6znJq6Ha', NULL, '周杰輪胎行', '2024027.jpg', NULL, '2024-10-11', NULL, NULL, NULL, NULL, NULL, 0, NULL, 0, 0),
(2024029, 'noMoney19890604', 'noMoney19890604@hotmail.com', '$2b$10$WXdJWm1gRtHJ7neI/uN8T.YLU8iC7Kq1Pkemsxon121niEH1if9T2', '深上枚友前', '小叮做事小叮噹', '2024029.jpg', '1970-09-10', '2024-07-21', '2024-07-25', NULL, '0929338427', 'noMoney19890604', NULL, 0, 'male', 0, 0),
(2024030, 'qqqwww', 'qwer@qwer.com', '$2b$10$kuQBBfVJ0.9VrQ.tuqZeEeWCaBXhueG/wYp/GCR7QEHUtZyg.ATPK', NULL, 'Hello', '2024030.jpg', '2019-07-17', '2024-10-13', NULL, NULL, NULL, NULL, NULL, 0, 'female', 1, 1),
(2024031, 'AAAA1234', 'rahaben439@scarden.com', '$2b$10$iFsgeNz9.sB9GraBgocW5urJK5/DGTrNuUP6hcVgVlQNHfSGBS/s6', NULL, '新同學', '2024031.jpg', '2019-12-30', '2024-10-14', NULL, NULL, NULL, NULL, NULL, 0, 'male', 0, 1),
(2024034, 'Jack19925', 'wosowa9887@scarden.com', '$2b$10$tseNXoQakfwJKfnbbwZtSu9YKBTs20CJ3fjOY0c7AkcQlYqkhSDN2', NULL, '微笑天使薩摩耶', '2024034.jpeg', '2019-12-31', '2024-10-16', NULL, NULL, NULL, NULL, NULL, 0, 'female', 1, 1),
(2024035, 'Jack19925', 'nijepod311@scarden.com', '$2b$10$7sMfZe1lPtIuqW5n5VRLgutOFlim7lN8svbt.Esg6vTYAjKUJ0YVW', NULL, '微笑天使薩摩耶', '2024035.jpeg', '2019-12-30', '2024-10-16', NULL, NULL, NULL, NULL, NULL, 0, 'female', 0, 1),
(2024036, 'Jack11111', 'pilohar156@chysir.com', '$2b$10$HCrVJSw996RnudOrbLaKCOuJ0gb6Cx5rs4MU4JATrhDWPMYlGO/LG', NULL, '微笑天使薩摩耶', '2024036.jpeg', '2019-12-29', '2024-10-17', NULL, NULL, NULL, NULL, NULL, 0, 'female', 1, 1),
(2024037, 'Jack19925', 'netito9138@jameagle.com', '$2b$10$RkBzKzdMAH0BK2ozQJuFAOg86cN1ao14GH2MEneffmrhKMqHGy2qK', NULL, '微笑天使薩摩耶', '2024037.jpeg', '2019-02-12', '2024-10-18', NULL, NULL, NULL, NULL, NULL, 0, 'female', 1, 1);

--
-- 已傾印資料表的索引
--

--
-- 資料表索引 `actor_list`
--
ALTER TABLE `actor_list`
  ADD PRIMARY KEY (`actor_id`);

--
-- 資料表索引 `favor_list`
--
ALTER TABLE `favor_list`
  ADD KEY `fk_userlist_id` (`user_id`);

--
-- 資料表索引 `larp_list`
--
ALTER TABLE `larp_list`
  ADD PRIMARY KEY (`id`);

--
-- 資料表索引 `larp_loc`
--
ALTER TABLE `larp_loc`
  ADD PRIMARY KEY (`larp_loc_id`);

--
-- 資料表索引 `larp_ord_list`
--
ALTER TABLE `larp_ord_list`
  ADD PRIMARY KEY (`ord_id`);

--
-- 資料表索引 `larp_tag`
--
ALTER TABLE `larp_tag`
  ADD PRIMARY KEY (`larp_tag_id`);

--
-- 資料表索引 `otp_tokens`
--
ALTER TABLE `otp_tokens`
  ADD PRIMARY KEY (`id`);

--
-- 資料表索引 `prod_list`
--
ALTER TABLE `prod_list`
  ADD PRIMARY KEY (`id`);

--
-- 資料表索引 `prod_ord_item`
--
ALTER TABLE `prod_ord_item`
  ADD PRIMARY KEY (`ord_detail_id`),
  ADD KEY `item_list` (`ord_id`);

--
-- 資料表索引 `prod_ord_list`
--
ALTER TABLE `prod_ord_list`
  ADD PRIMARY KEY (`ord_id`);

--
-- 資料表索引 `prod_tag`
--
ALTER TABLE `prod_tag`
  ADD PRIMARY KEY (`prod_tag_id`);

--
-- 資料表索引 `recipient_info`
--
ALTER TABLE `recipient_info`
  ADD PRIMARY KEY (`recipient_id`),
  ADD KEY `fk_user_id` (`user_id`);

--
-- 資料表索引 `tag_list`
--
ALTER TABLE `tag_list`
  ADD PRIMARY KEY (`tag_id`);

--
-- 資料表索引 `user_info`
--
ALTER TABLE `user_info`
  ADD PRIMARY KEY (`user_id`);

--
-- 在傾印的資料表使用自動遞增(AUTO_INCREMENT)
--

--
-- 使用資料表自動遞增(AUTO_INCREMENT) `actor_list`
--
ALTER TABLE `actor_list`
  MODIFY `actor_id` int NOT NULL AUTO_INCREMENT, AUTO_INCREMENT=31;

--
-- 使用資料表自動遞增(AUTO_INCREMENT) `larp_loc`
--
ALTER TABLE `larp_loc`
  MODIFY `larp_loc_id` int NOT NULL AUTO_INCREMENT, AUTO_INCREMENT=40;

--
-- 使用資料表自動遞增(AUTO_INCREMENT) `larp_ord_list`
--
ALTER TABLE `larp_ord_list`
  MODIFY `ord_id` int NOT NULL AUTO_INCREMENT, AUTO_INCREMENT=2000076;

--
-- 使用資料表自動遞增(AUTO_INCREMENT) `otp_tokens`
--
ALTER TABLE `otp_tokens`
  MODIFY `id` int NOT NULL AUTO_INCREMENT, AUTO_INCREMENT=9;

--
-- 使用資料表自動遞增(AUTO_INCREMENT) `prod_ord_item`
--
ALTER TABLE `prod_ord_item`
  MODIFY `ord_detail_id` int NOT NULL AUTO_INCREMENT, AUTO_INCREMENT=195;

--
-- 使用資料表自動遞增(AUTO_INCREMENT) `prod_ord_list`
--
ALTER TABLE `prod_ord_list`
  MODIFY `ord_id` int NOT NULL AUTO_INCREMENT, AUTO_INCREMENT=202400086;

--
-- 使用資料表自動遞增(AUTO_INCREMENT) `user_info`
--
ALTER TABLE `user_info`
  MODIFY `user_id` int NOT NULL AUTO_INCREMENT, AUTO_INCREMENT=2024038;
COMMIT;

/*!40101 SET CHARACTER_SET_CLIENT=@OLD_CHARACTER_SET_CLIENT */;
/*!40101 SET CHARACTER_SET_RESULTS=@OLD_CHARACTER_SET_RESULTS */;
/*!40101 SET COLLATION_CONNECTION=@OLD_COLLATION_CONNECTION */;
